Home ID,Outdoor Temperature (°C),Season,Household Size,hour,day,weekday,month,lag_1,lag_24,rolling_mean_24
134,10.6,Fall,4.0,23,3,4,11,0.88,1.14,1.8445833333333332
323,-7.6,Fall,3.0,18,19,3,10,1.9,1.27,1.539583333333333
179,38.3,Fall,4.0,18,26,1,12,0.99,1.09,1.30375
235,10.6,Summer,1.0,23,14,3,9,1.61,1.26,1.3245833333333332
291,28.9,Fall,4.0,12,13,4,10,1.11,1.93,1.35625
497,-9.9,Fall,4.0,16,26,3,10,0.65,1.75,1.7325000000000002
10,3.6,Winter,5.0,9,5,6,2,1.71,1.6,1.68875
398,4.9,Fall,4.0,20,12,6,11,0.34,1.83,1.2066666666666666
42,35.9,Summer,4.0,0,6,6,8,1.17,0.24,1.53125
207,34.1,Spring,4.0,17,16,1,5,1.59,1.0,1.1108333333333331
234,16.9,Fall,3.0,15,26,3,10,1.11,0.36,1.7108333333333334
451,-4.1,Winter,2.0,13,26,3,1,0.77,0.32,1.2595833333333333
266,-10.0,Summer,1.0,2,14,4,7,0.88,0.24,1.5204166666666667
217,19.9,Winter,2.0,1,15,2,3,1.06,1.76,1.625
231,6.5,Spring,4.0,13,19,0,6,1.01,1.16,1.9095833333333327
51,5.0,Summer,4.0,21,18,0,9,0.46,1.61,1.3404166666666664
498,38.5,Winter,3.0,12,12,3,1,0.65,1.76,1.27125
324,39.9,Fall,1.0,3,27,4,10,0.54,1.34,1.4029166666666668
499,27.2,Spring,2.0,11,8,5,4,1.75,1.88,1.4570833333333333
34,-5.1,Winter,1.0,20,2,3,3,0.37,0.76,1.31375
9,-1.3,Winter,5.0,1,30,3,3,1.96,1.42,1.2104166666666667
161,39.5,Winter,5.0,11,16,3,3,0.21,0.62,1.0108333333333337
244,35.6,Winter,4.0,21,8,2,2,0.25,1.99,1.2441666666666666
464,0.9,Fall,3.0,5,16,0,10,0.74,1.39,1.4887500000000002
388,32.4,Spring,3.0,13,16,6,4,0.81,0.55,1.3004166666666668
231,18.4,Fall,2.0,19,23,5,12,1.61,1.72,1.7166666666666666
249,-0.2,Winter,5.0,22,1,2,3,1.1,1.79,1.2195833333333332
407,30.0,Spring,3.0,9,23,6,4,1.68,1.25,1.0416666666666667
409,22.5,Summer,2.0,10,26,5,8,1.65,1.38,1.2108333333333334
305,26.5,Winter,3.0,6,20,0,2,1.34,1.16,1.285
6,36.1,Spring,1.0,23,12,2,4,0.62,0.59,1.497083333333333
78,25.9,Summer,1.0,4,28,3,9,1.29,0.65,1.5570833333333332
168,23.9,Fall,5.0,18,17,1,10,1.24,1.6,1.46
270,27.1,Winter,1.0,17,16,0,1,1.12,0.34,1.2145833333333331
483,18.2,Summer,1.0,2,24,3,8,0.75,1.28,1.49625
483,13.0,Spring,5.0,6,16,6,4,0.96,0.42,0.835
451,-4.1,Summer,1.0,12,20,2,9,0.3,0.45,1.3075
180,-4.7,Spring,3.0,13,13,5,5,1.65,0.58,1.35125
287,15.7,Fall,2.0,20,9,0,10,0.68,0.75,1.8166666666666664
410,2.1,Fall,3.0,12,2,3,11,0.75,0.69,1.72
225,21.0,Summer,5.0,21,23,5,9,1.5,1.79,1.5775
467,39.2,Fall,1.0,9,16,0,10,0.95,1.19,1.6641666666666668
149,38.1,Spring,3.0,6,17,0,4,0.81,0.6,1.2354166666666666
207,-1.7,Spring,5.0,13,24,5,6,1.8,1.18,1.647916666666667
268,24.2,Summer,5.0,18,5,2,7,0.32,1.08,1.89625
481,27.3,Fall,5.0,4,29,6,10,1.11,0.65,1.5199999999999998
98,-5.6,Fall,3.0,20,22,2,11,1.43,1.69,1.8754166666666665
245,6.3,Fall,2.0,9,15,4,12,1.28,0.6,1.3525
126,1.3,Spring,5.0,12,28,2,6,0.55,1.64,1.6258333333333337
265,8.9,Fall,4.0,15,14,3,12,0.39,0.21,1.32375
34,19.1,Winter,5.0,19,29,2,3,0.73,1.07,1.56125
380,18.3,Summer,3.0,18,20,6,8,0.76,1.31,1.54625
265,19.0,Fall,2.0,11,15,6,10,0.97,0.76,1.36625
114,6.1,Fall,4.0,22,21,5,10,1.75,1.26,1.4741666666666664
171,-7.9,Fall,3.0,1,3,4,11,1.42,0.38,1.7495833333333335
429,12.1,Spring,5.0,20,28,6,5,1.76,0.47,1.9837500000000003
303,23.6,Summer,1.0,16,5,5,8,1.54,1.59,1.5583333333333331
197,17.2,Spring,4.0,15,15,5,4,0.68,1.17,1.43625
76,-3.7,Summer,5.0,7,29,4,9,1.4,0.24,1.37375
314,-9.8,Spring,1.0,20,7,6,5,1.99,1.61,1.4854166666666666
85,24.6,Spring,2.0,2,29,3,6,0.94,1.7,1.6091666666666666
338,-6.3,Winter,4.0,23,19,6,2,0.41,0.74,1.1875
437,8.5,Spring,2.0,14,18,6,6,0.65,1.92,1.5945833333333337
137,32.5,Summer,2.0,9,9,6,7,1.81,0.77,1.3262500000000002
298,4.7,Winter,1.0,0,17,4,2,1.03,1.46,1.3845833333333333
170,-5.3,Summer,1.0,13,19,2,7,1.27,1.75,1.54625
115,14.4,Fall,2.0,14,7,3,12,1.03,0.34,1.7133333333333336
257,31.7,Spring,5.0,1,17,2,5,0.33,0.68,1.268333333333333
156,-6.5,Spring,4.0,20,8,0,5,1.86,1.55,2.012083333333333
14,18.0,Fall,4.0,18,30,3,11,1.8,1.29,1.3604166666666666
354,5.8,Spring,5.0,23,18,1,4,0.44,1.33,1.7479166666666666
223,35.2,Winter,3.0,7,10,4,3,1.43,0.3,1.424583333333333
209,9.5,Summer,4.0,15,17,0,7,1.92,0.6,1.2933333333333334
332,25.7,Summer,1.0,3,24,3,8,0.88,1.34,1.4475
107,-8.8,Spring,1.0,15,19,4,5,1.71,1.7,1.6629166666666668
66,16.2,Spring,4.0,17,8,3,6,0.98,1.58,1.5141666666666664
229,14.9,Spring,5.0,0,10,0,4,1.96,1.65,1.61
334,38.5,Spring,3.0,8,18,6,6,1.6,0.21,1.6654166666666663
419,-1.8,Winter,3.0,17,17,1,1,1.72,1.65,1.22875
279,31.4,Spring,1.0,2,5,4,5,0.67,1.94,1.16375
497,18.5,Winter,5.0,16,19,6,2,0.44,1.91,1.28625
404,1.0,Winter,2.0,20,13,4,1,1.33,1.23,1.7029166666666666
68,19.9,Winter,3.0,4,9,3,2,0.4,1.71,1.8175
235,37.9,Summer,4.0,0,11,4,8,1.08,0.75,1.63875
215,6.2,Spring,5.0,23,6,5,5,1.5,0.21,1.5970833333333332
418,4.1,Winter,1.0,4,3,4,3,1.26,1.56,1.2079166666666667
33,-2.2,Summer,5.0,0,13,2,9,0.22,1.92,1.48125
277,-1.5,Fall,1.0,18,23,5,12,1.07,1.09,1.6370833333333332
148,-8.2,Fall,2.0,10,24,1,10,1.25,1.07,1.2804166666666663
46,23.9,Summer,3.0,5,31,3,8,0.71,1.65,1.5508333333333333
278,28.0,Winter,1.0,2,1,2,3,1.53,0.34,1.3375
294,-7.7,Summer,3.0,18,23,6,7,0.71,1.77,1.61
37,34.3,Spring,2.0,15,26,0,6,1.05,1.68,1.1795833333333332
268,31.4,Spring,5.0,3,23,4,6,0.68,0.44,1.1220833333333335
33,2.4,Spring,4.0,5,18,3,5,0.61,1.01,1.4854166666666666
428,9.2,Winter,1.0,22,18,5,3,1.6,0.92,1.6358333333333337
111,14.5,Spring,5.0,22,16,6,4,1.04,1.25,2.0779166666666664
497,25.2,Spring,3.0,13,22,5,4,0.82,0.81,1.4520833333333334
208,13.8,Fall,3.0,23,29,4,12,1.14,1.84,1.4087499999999995
402,-0.6,Summer,3.0,21,7,3,9,0.6,0.46,1.3883333333333334
61,34.1,Winter,3.0,4,5,6,3,1.59,0.55,1.6762499999999998
124,18.1,Winter,5.0,10,15,2,3,1.96,0.35,1.51375
205,15.4,Summer,5.0,0,29,4,9,1.32,1.21,1.3558333333333332
151,35.2,Winter,2.0,10,24,4,2,0.42,1.71,1.3770833333333332
440,-4.9,Spring,1.0,8,1,0,5,1.33,0.58,1.867916666666667
131,23.7,Spring,2.0,5,9,4,6,0.89,0.54,1.41125
76,-9.8,Summer,5.0,22,30,2,8,1.85,1.27,1.5625
489,14.3,Winter,4.0,1,31,1,1,0.97,1.78,1.1625
111,29.9,Spring,4.0,2,23,1,5,0.7,0.61,1.31625
46,15.7,Winter,2.0,2,6,4,1,0.51,1.58,1.8595833333333331
9,-9.4,Summer,3.0,12,29,1,8,0.99,1.78,1.50375
362,14.6,Winter,4.0,10,4,5,3,1.43,1.19,1.1704166666666669
393,21.0,Spring,4.0,13,3,2,5,1.2,0.47,1.7358333333333336
84,19.2,Winter,5.0,6,20,0,2,1.52,1.14,1.288333333333333
256,-9.5,Winter,5.0,12,12,6,3,1.71,0.76,1.4204166666666664
250,0.7,Summer,1.0,22,31,3,8,0.82,0.38,1.4549999999999998
207,29.9,Winter,5.0,23,20,0,3,1.46,0.21,1.2820833333333332
113,12.2,Winter,3.0,23,20,0,2,0.56,1.37,1.3033333333333337
10,-3.7,Winter,5.0,8,17,4,2,0.82,1.87,1.2725
52,11.6,Spring,3.0,20,29,5,4,0.91,1.62,1.2674999999999998
311,29.2,Spring,5.0,10,14,4,4,0.49,0.3,1.4429166666666668
450,23.5,Spring,3.0,2,27,3,4,1.1,0.27,1.0758333333333334
299,10.1,Fall,2.0,2,2,5,12,1.57,0.3,1.2404166666666667
203,19.8,Winter,4.0,3,17,4,3,1.09,0.36,1.3475
129,11.1,Winter,4.0,13,21,1,2,1.54,1.02,1.2616666666666667
40,34.5,Spring,2.0,22,29,3,6,1.0,1.36,1.7858333333333334
136,-3.9,Winter,3.0,16,18,5,2,1.02,1.18,1.9570833333333333
84,15.5,Winter,3.0,0,17,4,3,1.61,1.99,1.3954166666666667
349,13.0,Summer,2.0,17,3,6,9,0.55,0.46,1.4220833333333334
386,17.3,Winter,5.0,11,27,0,2,0.48,1.22,1.075
139,39.4,Fall,5.0,16,18,2,10,1.27,1.49,1.6670833333333333
103,-5.8,Spring,4.0,17,21,4,4,1.39,0.96,1.6083333333333334
237,-9.9,Winter,2.0,20,18,5,3,1.34,1.9,1.6091666666666666
322,16.3,Fall,2.0,18,24,6,12,0.57,0.84,1.145
368,29.8,Spring,5.0,1,15,5,4,0.93,1.91,1.4654166666666668
115,34.4,Summer,2.0,3,25,4,8,1.76,1.56,1.43375
296,-7.3,Summer,5.0,8,12,1,9,1.2,0.31,1.68
55,31.0,Spring,2.0,8,17,2,5,1.26,1.58,1.460416666666667
155,22.6,Summer,5.0,18,31,3,8,1.62,1.59,1.5466666666666669
327,-9.5,Spring,3.0,4,28,2,6,0.92,1.63,1.0533333333333337
79,13.6,Spring,5.0,8,5,2,4,1.23,0.6,1.04375
397,25.3,Spring,2.0,9,22,5,4,1.33,0.26,1.61625
373,37.3,Fall,3.0,6,24,6,12,1.21,0.66,1.163333333333333
414,39.5,Winter,1.0,5,6,0,2,0.54,1.6,1.4170833333333337
60,4.2,Winter,5.0,20,4,5,2,0.67,1.79,1.58375
422,-2.2,Spring,3.0,22,21,4,4,1.91,0.87,1.60125
22,5.2,Spring,4.0,15,21,6,5,0.47,1.13,1.8454166666666667
119,0.3,Fall,2.0,18,18,0,12,0.47,0.61,1.33
5,34.9,Fall,1.0,6,2,3,11,1.99,1.65,1.60875
111,14.7,Spring,4.0,8,17,5,6,1.92,1.27,1.4233333333333331
483,-6.3,Fall,4.0,9,21,3,12,1.23,0.8,1.5633333333333332
391,32.7,Winter,1.0,10,21,1,2,0.99,0.23,1.4804166666666665
351,-2.1,Fall,2.0,19,17,1,10,0.83,1.89,1.3925
88,28.3,Spring,3.0,23,16,1,5,0.51,0.56,1.4508333333333334
284,12.2,Summer,4.0,23,14,3,9,1.43,0.78,1.37
258,30.0,Winter,3.0,10,11,5,3,1.76,1.88,1.6
39,-4.2,Winter,4.0,12,13,0,2,1.78,0.49,1.3033333333333332
479,36.6,Spring,4.0,2,23,1,5,1.79,0.71,1.3358333333333334
125,-9.6,Spring,4.0,19,21,4,4,0.68,0.81,1.6141666666666667
269,14.9,Summer,2.0,10,20,2,9,0.66,0.4,1.205833333333333
301,6.3,Spring,5.0,8,4,1,4,1.83,1.0,1.7229166666666669
360,9.2,Winter,2.0,10,3,4,3,0.79,1.17,1.1566666666666665
371,38.2,Fall,3.0,7,6,0,11,0.46,1.94,1.1708333333333332
360,32.8,Summer,4.0,2,11,4,8,1.33,0.37,1.7483333333333333
430,30.6,Summer,3.0,8,23,6,7,1.61,0.98,1.6854166666666668
260,-7.1,Fall,1.0,23,31,6,12,1.35,1.37,1.9391666666666667
435,2.0,Winter,2.0,18,7,5,1,0.85,1.9,1.5870833333333334
61,25.6,Fall,5.0,8,6,2,12,1.78,1.57,2.0125
153,-2.2,Summer,2.0,14,30,5,9,0.55,0.3,1.3341666666666667
346,-6.3,Fall,1.0,21,16,0,10,1.79,1.11,1.82625
375,16.3,Fall,1.0,10,8,2,11,1.83,0.88,1.7179166666666668
265,0.2,Spring,5.0,23,13,3,4,1.25,0.47,0.9941666666666666
336,36.8,Fall,5.0,23,25,5,11,1.29,1.07,1.6070833333333334
117,18.5,Spring,5.0,22,27,1,6,1.57,0.95,1.0225
274,-2.2,Winter,3.0,4,27,0,3,0.75,1.18,1.602916666666667
129,19.8,Fall,3.0,14,24,1,10,0.67,0.76,1.44125
138,-1.3,Winter,3.0,4,9,3,2,0.49,0.62,1.7929166666666667
424,25.9,Summer,2.0,3,18,4,8,1.09,0.8,1.7095833333333337
64,2.9,Fall,4.0,0,16,5,12,1.96,1.06,1.2908333333333333
233,18.6,Summer,2.0,20,5,5,8,0.74,1.76,1.41
25,14.1,Fall,1.0,11,30,3,11,1.84,1.43,1.7204166666666667
248,1.3,Spring,1.0,13,16,4,6,1.61,0.91,1.6058333333333332
402,-8.5,Spring,3.0,16,16,6,4,0.87,1.07,1.606666666666667
455,-7.7,Spring,2.0,22,12,0,6,1.83,0.3,1.3925
333,20.7,Fall,2.0,17,2,0,10,1.75,0.27,1.1308333333333331
135,25.4,Fall,5.0,15,10,6,12,0.21,1.85,1.53125
239,-6.6,Fall,2.0,9,22,6,10,0.32,1.31,1.034166666666667
263,22.8,Summer,1.0,6,5,1,9,1.78,0.21,1.694583333333333
492,1.1,Spring,5.0,7,5,0,6,1.18,1.96,1.6016666666666666
369,30.8,Winter,4.0,18,12,3,1,1.07,0.94,1.4116666666666668
476,11.6,Winter,1.0,16,21,1,2,1.73,0.92,1.1829166666666666
442,7.9,Fall,4.0,12,16,5,12,1.09,1.8,1.38
154,38.7,Winter,4.0,6,23,0,1,1.28,0.91,1.7166666666666666
230,12.1,Spring,5.0,1,21,2,6,1.97,1.2,1.93375
355,25.5,Fall,3.0,1,1,4,12,0.64,0.64,1.4270833333333333
497,29.7,Fall,2.0,14,25,2,10,0.36,0.99,1.330833333333333
202,13.9,Winter,1.0,3,24,1,1,0.42,1.42,1.7983333333333336
80,3.3,Spring,5.0,17,15,0,5,0.33,0.68,1.512916666666667
330,-8.9,Spring,1.0,6,1,5,4,1.91,1.96,2.036666666666666
220,38.8,Fall,5.0,22,31,6,12,1.19,1.69,1.8608333333333336
211,-7.0,Spring,5.0,9,23,4,6,0.32,0.24,1.2012500000000002
283,38.1,Spring,5.0,2,5,0,6,1.58,0.86,1.5170833333333331
161,19.8,Spring,5.0,5,1,0,5,1.94,1.17,2.0766666666666667
275,-6.0,Spring,5.0,17,9,4,6,0.3,1.79,1.4333333333333331
321,12.0,Fall,2.0,2,16,5,12,0.64,0.55,1.3816666666666666
61,7.9,Summer,4.0,14,2,5,9,0.62,1.67,1.13
470,5.5,Spring,1.0,12,30,6,4,1.5,1.1,2.145
281,34.7,Spring,3.0,18,26,2,4,0.47,1.45,1.2033333333333334
54,0.6,Winter,3.0,18,17,1,1,1.38,2.0,1.3016666666666667
336,-8.0,Fall,1.0,1,29,6,10,1.86,1.42,1.4691666666666665
355,4.3,Summer,1.0,1,20,6,8,1.62,1.95,1.7220833333333332
288,-4.0,Summer,2.0,7,11,4,8,0.98,0.57,1.6704166666666664
206,18.5,Summer,1.0,8,19,2,7,0.77,0.33,1.1629166666666666
429,1.1,Winter,2.0,22,29,2,3,0.21,0.61,1.41
495,19.4,Summer,5.0,1,16,2,8,1.4,1.0,1.4870833333333335
71,20.0,Spring,3.0,12,2,6,4,1.66,1.96,1.8591666666666664
40,36.9,Fall,1.0,1,8,6,10,0.51,0.68,1.27625
139,1.5,Fall,3.0,13,27,2,12,1.7,0.62,1.5433333333333337
292,-7.2,Winter,1.0,7,1,0,1,0.87,1.12,1.7120833333333332
443,30.7,Spring,1.0,7,26,4,5,0.57,1.28,1.4808333333333332
290,7.5,Spring,5.0,16,6,1,6,0.25,0.93,1.8179166666666664
328,39.8,Spring,5.0,20,19,0,6,0.24,0.73,1.2670833333333331
371,31.2,Winter,5.0,13,27,0,2,1.17,0.65,1.1304166666666666
150,39.1,Spring,4.0,13,12,0,6,1.51,1.39,1.55875
350,34.8,Winter,2.0,7,16,3,3,1.5,0.95,1.4145833333333335
41,12.7,Spring,5.0,19,9,4,6,1.8,0.37,1.5004166666666665
359,0.9,Summer,1.0,2,8,1,8,1.29,0.32,1.7933333333333337
226,32.5,Fall,3.0,3,17,1,10,1.16,0.85,1.565416666666667
355,5.0,Winter,4.0,6,27,0,2,1.56,0.62,1.22625
218,25.8,Winter,5.0,9,14,1,2,1.19,0.66,1.5379166666666668
376,16.5,Fall,1.0,22,11,5,11,0.98,0.28,1.2012500000000002
159,3.6,Summer,4.0,23,19,1,9,0.74,1.06,1.7054166666666666
26,2.0,Fall,2.0,9,28,5,10,0.36,1.66,1.33625
275,34.5,Spring,1.0,6,12,0,6,0.7,0.89,1.5279166666666668
2,21.8,Spring,3.0,23,6,1,6,1.56,0.84,1.68125
297,-2.1,Winter,2.0,6,1,2,2,1.51,0.97,2.37625
219,-7.7,Spring,4.0,23,13,1,6,1.16,0.44,1.60375
436,16.4,Fall,1.0,10,13,2,12,0.47,1.02,1.4070833333333337
105,38.7,Summer,4.0,23,31,0,7,0.48,0.49,1.294166666666667
346,-2.4,Spring,3.0,5,11,6,6,0.44,1.35,1.5725
433,-1.2,Spring,1.0,23,13,1,6,1.92,0.72,1.6141666666666667
1,23.6,Spring,2.0,13,14,4,4,1.09,1.96,1.5512499999999998
9,-8.4,Spring,2.0,13,11,1,4,0.88,1.42,1.2920833333333333
350,24.6,Summer,4.0,6,1,1,8,1.87,0.46,1.1808333333333334
175,17.6,Summer,5.0,11,31,3,8,1.89,0.44,1.65125
290,33.9,Summer,1.0,14,9,2,8,0.27,1.59,1.3558333333333332
99,-1.2,Summer,4.0,13,9,5,9,1.95,1.15,1.4541666666666666
23,9.1,Summer,4.0,9,3,6,9,0.31,1.9,1.4791666666666667
184,31.8,Summer,5.0,5,8,4,9,1.81,1.62,1.424583333333333
265,7.8,Winter,3.0,2,4,5,2,0.27,0.77,0.9833333333333332
349,-4.6,Spring,4.0,17,22,3,6,1.68,1.66,1.424583333333333
286,31.9,Winter,5.0,1,23,3,2,0.62,0.84,1.143333333333333
55,12.0,Fall,4.0,13,25,2,10,1.66,0.35,1.39125
434,-5.5,Spring,2.0,0,26,4,5,1.78,0.53,1.3704166666666666
358,-3.6,Spring,4.0,5,23,6,4,0.27,0.34,1.1366666666666667
329,7.5,Spring,5.0,7,18,1,4,1.03,1.09,1.586666666666667
141,-1.4,Summer,3.0,12,17,6,9,0.46,1.03,1.2745833333333334
402,23.0,Spring,1.0,20,7,2,6,1.57,1.15,1.7066666666666668
1,27.4,Fall,1.0,7,7,3,12,0.5,1.13,1.4795833333333337
448,25.4,Fall,2.0,4,23,0,10,1.16,0.6,1.6920833333333334
21,1.6,Summer,2.0,8,2,5,9,0.62,0.94,1.5429166666666667
376,2.0,Summer,1.0,23,21,0,8,0.77,0.99,1.1841666666666668
173,34.2,Summer,1.0,13,25,1,7,1.97,0.83,1.81875
346,25.7,Fall,1.0,7,10,1,10,1.84,0.37,1.1504166666666666
223,2.9,Summer,5.0,4,29,5,7,0.92,1.12,1.2695833333333333
454,25.7,Summer,2.0,21,17,3,8,0.35,0.33,1.695
46,38.5,Summer,4.0,10,2,5,9,0.66,1.44,1.3804166666666664
299,12.6,Spring,1.0,5,21,4,4,1.31,1.36,1.59875
414,30.4,Summer,3.0,14,4,0,9,0.46,0.75,1.4120833333333334
253,-4.5,Summer,2.0,0,25,0,9,0.77,1.61,1.4275
307,20.6,Summer,4.0,13,26,1,9,0.3,1.8,1.3066666666666664
138,8.6,Fall,3.0,2,24,1,10,1.87,0.29,1.6775000000000002
312,19.0,Summer,5.0,7,22,4,9,0.88,0.6,1.7695833333333333
200,37.5,Winter,5.0,21,31,4,3,0.25,1.69,1.1079166666666669
255,8.8,Summer,4.0,6,5,1,9,1.66,1.88,1.6570833333333332
470,-1.1,Winter,3.0,23,21,1,2,1.54,0.73,1.3491666666666664
59,10.0,Fall,1.0,14,13,2,12,1.77,1.88,1.0308333333333333
196,0.7,Winter,3.0,5,9,3,3,1.64,0.96,1.87875
80,-6.4,Fall,5.0,15,18,2,10,0.47,0.97,1.52625
250,36.8,Winter,1.0,18,16,3,2,1.91,1.52,1.5512499999999998
2,35.0,Spring,1.0,19,9,6,4,1.56,0.55,1.6716666666666666
346,36.5,Fall,5.0,5,17,6,12,0.86,0.47,1.36875
120,0.0,Spring,4.0,7,26,0,6,1.71,0.99,1.13
164,16.2,Winter,2.0,11,11,5,2,0.39,1.95,1.6658333333333333
42,6.3,Summer,4.0,22,18,0,9,1.4,1.43,1.3595833333333331
166,4.6,Fall,2.0,21,18,2,10,1.83,0.59,1.663333333333333
176,34.6,Winter,3.0,23,14,5,1,1.93,0.51,1.3691666666666666
446,-5.2,Spring,2.0,9,23,6,4,1.6,0.31,0.985
204,3.0,Fall,2.0,2,23,0,10,1.5,1.73,1.83125
181,6.8,Fall,3.0,20,15,4,12,0.53,0.87,1.2491666666666668
248,-3.5,Fall,5.0,17,21,5,10,0.75,1.27,1.346666666666667
368,10.8,Winter,1.0,3,10,4,3,0.27,1.44,1.4974999999999998
26,5.9,Spring,2.0,12,2,6,4,1.86,1.16,1.8279166666666669
220,-4.7,Summer,4.0,8,24,0,7,1.12,1.96,1.255
487,15.8,Summer,1.0,6,4,4,8,0.53,1.61,1.3216666666666668
489,29.7,Fall,1.0,10,25,2,10,0.7,0.32,1.5275
150,7.7,Summer,4.0,1,20,6,8,0.44,1.4,1.5745833333333332
132,37.7,Spring,4.0,1,16,4,6,1.02,1.83,1.4879166666666668
129,37.7,Summer,3.0,10,11,1,7,0.2,1.67,1.31125
476,6.1,Spring,1.0,23,10,5,6,0.72,1.56,1.31375
157,5.5,Winter,3.0,18,25,2,1,1.78,1.39,1.7820833333333332
301,34.1,Fall,2.0,6,22,2,11,1.81,0.58,1.80375
248,2.7,Spring,2.0,20,5,4,5,1.35,0.64,1.3270833333333332
132,-9.8,Summer,5.0,6,13,3,7,1.34,1.5,1.7854166666666669
49,35.7,Spring,2.0,1,5,2,4,1.47,1.43,1.0816666666666668
70,-6.7,Summer,1.0,1,15,1,8,2.0,1.08,1.75125
138,32.1,Spring,1.0,1,3,0,4,0.54,0.68,1.3966666666666667
315,31.2,Winter,2.0,7,19,3,1,1.53,1.93,1.4495833333333332
141,13.6,Fall,1.0,9,20,4,10,1.94,1.27,1.30625
32,23.6,Fall,3.0,0,7,5,10,0.85,0.58,1.4162499999999998
161,38.1,Fall,5.0,16,12,1,12,0.47,0.49,1.4179166666666665
258,-1.3,Winter,2.0,6,13,0,3,0.62,0.57,1.5883333333333336
2,20.4,Fall,1.0,14,30,5,12,1.53,1.62,1.5783333333333334
479,-1.4,Fall,4.0,16,9,3,11,0.29,0.34,1.8758333333333328
74,27.2,Winter,3.0,23,19,3,1,1.42,1.32,1.4904166666666667
438,-5.6,Fall,3.0,9,7,1,11,0.81,0.98,1.46125
354,22.0,Spring,2.0,2,30,6,4,1.19,0.47,1.74875
267,25.5,Winter,5.0,19,2,3,3,0.2,1.18,1.5008333333333337
426,7.0,Winter,1.0,11,6,4,1,0.74,0.94,1.3404166666666668
380,25.4,Fall,2.0,4,21,1,11,0.39,1.43,1.4808333333333332
418,25.6,Fall,5.0,10,27,0,11,1.75,1.06,1.2220833333333334
280,19.7,Summer,4.0,18,16,2,8,1.74,1.32,1.5454166666666664
362,13.3,Spring,2.0,18,29,3,6,0.52,1.57,1.93625
425,4.8,Summer,3.0,3,30,5,9,1.14,0.98,1.1625
12,2.3,Winter,2.0,9,23,3,3,1.31,1.57,1.7104166666666665
218,29.5,Winter,3.0,14,31,4,3,0.68,0.47,1.2954166666666669
376,13.2,Fall,3.0,16,8,6,10,0.65,0.95,1.836666666666667
424,0.5,Winter,5.0,5,23,3,2,1.22,0.43,1.1558333333333335
284,35.9,Spring,1.0,11,28,2,6,0.81,1.8,1.67875
27,-7.4,Winter,5.0,7,20,4,1,0.41,1.06,1.2983333333333331
300,-2.6,Summer,5.0,5,15,4,9,0.95,1.95,1.580833333333333
10,24.3,Spring,1.0,14,30,1,5,1.41,0.24,1.24
217,8.3,Fall,1.0,9,27,4,10,1.31,0.67,1.2483333333333333
325,26.4,Summer,4.0,1,2,5,9,1.71,0.21,1.7320833333333334
141,24.9,Fall,1.0,7,12,6,11,0.43,1.96,1.2975
127,39.5,Summer,4.0,9,15,4,9,0.98,0.91,1.4479166666666667
257,35.4,Spring,2.0,16,22,3,6,1.55,1.01,1.3724999999999998
457,30.0,Spring,2.0,8,30,4,6,0.9,1.71,1.2441666666666666
78,2.6,Summer,2.0,0,19,5,8,0.46,0.81,1.1383333333333334
115,39.3,Fall,2.0,1,2,3,11,0.49,0.88,1.5116666666666665
477,2.3,Winter,3.0,11,2,3,3,0.27,0.65,1.8020833333333333
106,2.2,Winter,2.0,11,21,1,3,1.18,1.59,1.43625
126,-3.4,Spring,4.0,10,2,4,6,1.12,0.65,1.7233333333333334
234,22.5,Summer,1.0,14,28,4,7,0.93,1.72,1.1016666666666668
300,24.2,Fall,4.0,21,14,3,12,0.22,0.43,1.4079166666666667
18,36.3,Summer,4.0,5,24,3,8,0.45,0.71,1.4491666666666667
313,-3.5,Winter,3.0,20,5,6,2,1.59,1.32,1.4295833333333334
341,6.6,Spring,1.0,10,31,2,5,1.96,1.9,1.7866666666666668
220,35.9,Fall,5.0,16,31,6,12,1.08,1.79,1.4508333333333334
178,37.7,Winter,3.0,4,20,4,1,1.2,1.09,1.4983333333333333
50,37.0,Summer,3.0,9,23,5,9,1.12,1.12,1.79375
210,1.7,Fall,1.0,10,22,4,12,1.33,0.9,1.48375
251,-8.3,Winter,2.0,0,26,6,3,1.96,0.5,1.515
99,35.3,Fall,5.0,7,10,6,12,0.81,0.51,1.33625
495,10.3,Winter,1.0,8,14,5,1,0.55,1.48,1.309583333333333
402,4.6,Fall,5.0,18,11,2,10,1.23,0.39,1.7808333333333335
46,24.9,Spring,1.0,18,25,1,4,0.89,1.58,1.3420833333333333
84,23.2,Spring,1.0,2,1,0,5,1.58,1.88,1.93
199,-6.5,Winter,1.0,6,13,0,2,1.87,0.4,1.125
329,5.0,Winter,4.0,10,25,2,1,0.86,0.96,1.76
187,36.8,Fall,4.0,6,27,4,10,0.94,1.11,1.39
423,0.7,Summer,3.0,21,21,0,8,0.79,0.27,1.05375
20,37.0,Fall,5.0,1,4,0,12,2.0,0.93,1.49625
474,14.6,Winter,1.0,8,5,6,2,1.07,1.77,1.6529166666666668
352,14.7,Fall,1.0,1,15,4,12,1.27,1.51,1.585416666666667
376,14.3,Spring,1.0,6,16,6,4,1.54,0.72,0.7483333333333334
388,-2.6,Fall,2.0,4,18,0,12,1.13,0.39,2.1025
422,-5.1,Fall,1.0,5,6,0,11,1.54,0.75,1.455
333,32.2,Winter,4.0,8,8,6,1,1.43,1.12,1.6499999999999997
272,2.0,Winter,4.0,18,18,5,3,1.55,1.79,1.531666666666667
498,25.9,Summer,1.0,8,8,4,9,1.1,1.66,1.1358333333333333
307,1.0,Winter,5.0,23,22,2,2,1.07,1.92,1.2958333333333334
44,10.3,Fall,4.0,0,23,0,10,0.99,1.83,1.7970833333333334
167,7.5,Winter,3.0,11,19,6,3,1.57,1.5,1.491666666666667
353,22.7,Fall,1.0,4,13,4,10,1.9,1.65,1.5175
245,28.3,Spring,1.0,18,28,6,5,1.56,1.89,1.6404166666666666
402,28.5,Spring,4.0,19,29,5,4,0.47,1.29,1.2725
496,38.9,Winter,1.0,6,11,2,1,1.48,1.22,1.413333333333333
10,9.1,Summer,3.0,9,5,2,7,1.67,1.0,1.580416666666667
49,32.7,Spring,3.0,5,9,1,5,1.27,0.34,1.5170833333333336
79,38.9,Summer,1.0,6,7,0,8,0.39,0.44,1.2
308,1.5,Winter,1.0,12,12,6,2,0.53,1.14,1.61
282,1.1,Summer,2.0,22,22,4,9,1.75,0.22,1.5912499999999998
96,16.7,Summer,3.0,20,24,3,8,0.57,0.49,1.5954166666666667
449,24.3,Summer,4.0,11,6,2,9,0.48,1.41,1.5208333333333333
59,7.9,Winter,2.0,5,2,3,3,1.78,1.89,1.6233333333333333
38,29.1,Spring,1.0,15,12,2,4,1.17,0.98,1.532916666666667
365,37.3,Summer,1.0,12,13,6,8,0.61,0.32,1.1125
390,10.5,Spring,1.0,13,4,3,5,1.66,1.58,1.3950000000000002
423,21.9,Spring,1.0,4,28,6,5,0.35,1.79,1.8729166666666663
400,9.2,Summer,4.0,5,15,1,8,0.81,1.33,1.8079166666666664
201,-7.0,Winter,4.0,22,4,5,3,0.58,1.53,1.215
359,18.1,Spring,4.0,6,23,6,4,0.81,1.51,1.1545833333333333
390,21.9,Winter,5.0,17,31,1,1,1.79,1.94,1.4174999999999998
449,13.4,Fall,3.0,5,10,1,10,0.4,1.46,1.1345833333333333
189,17.9,Winter,4.0,8,9,3,3,0.3,1.51,1.815416666666667
494,11.9,Winter,2.0,15,19,3,1,1.03,1.92,1.3495833333333334
368,-2.4,Winter,2.0,18,13,4,1,1.65,1.99,1.64125
380,21.0,Winter,4.0,14,27,0,3,0.37,0.84,1.382083333333333
59,-8.6,Winter,2.0,12,2,3,2,1.56,1.19,1.5116666666666667
500,23.2,Fall,4.0,9,3,4,11,1.47,1.98,1.5425000000000002
327,-2.0,Summer,5.0,5,19,2,7,1.77,1.74,1.315
223,3.6,Fall,3.0,8,23,3,11,0.23,1.55,1.3595833333333334
246,-2.0,Summer,5.0,3,22,4,9,1.7,1.61,1.8375
2,10.9,Summer,2.0,12,17,3,8,0.62,0.47,1.6608333333333334
22,38.4,Fall,4.0,16,28,5,10,0.88,1.84,1.1441666666666668
483,13.8,Spring,2.0,1,2,6,4,1.86,1.2,1.5483333333333331
143,31.5,Fall,3.0,0,27,0,11,0.64,0.39,1.5775
119,25.3,Winter,4.0,22,5,6,2,0.59,0.98,1.656666666666667
78,9.7,Summer,4.0,14,21,4,7,0.35,0.42,1.2183333333333333
485,-1.8,Fall,5.0,6,23,3,11,1.3,1.86,1.3791666666666669
270,14.6,Spring,4.0,3,5,0,6,1.84,1.85,1.5170833333333336
425,10.1,Fall,4.0,20,10,6,12,1.51,1.78,1.3729166666666668
155,14.7,Fall,4.0,14,21,1,11,1.46,0.49,1.3558333333333332
365,0.1,Fall,5.0,6,15,2,11,0.39,0.98,1.5379166666666668
467,28.9,Spring,3.0,17,5,2,4,0.55,1.86,1.26625
218,27.1,Winter,4.0,21,5,6,3,1.53,1.58,1.3483333333333334
48,31.3,Summer,4.0,23,18,0,9,1.12,0.37,1.3833333333333335
27,31.8,Fall,1.0,15,30,5,12,1.65,0.56,1.6166666666666665
48,9.3,Spring,4.0,1,10,5,6,1.82,0.38,1.4329166666666666
255,37.7,Winter,3.0,22,13,0,3,0.62,1.99,1.778333333333333
16,3.2,Spring,4.0,9,17,5,6,0.55,1.83,1.4083333333333334
12,7.1,Summer,1.0,13,15,5,7,1.29,0.73,1.3475
298,16.1,Spring,3.0,16,18,1,4,0.79,0.51,1.94375
32,23.2,Summer,2.0,18,21,4,7,0.22,0.48,1.1716666666666666
120,11.4,Winter,2.0,4,17,4,2,1.16,0.57,1.3329166666666663
237,20.1,Summer,3.0,10,15,4,9,0.45,0.21,1.4070833333333337
365,16.3,Spring,4.0,4,25,3,5,1.29,0.33,1.5125000000000002
77,-5.4,Summer,5.0,19,25,1,7,0.6,1.68,1.6745833333333335
266,2.0,Fall,5.0,5,7,5,10,1.72,0.79,1.2891666666666666
362,23.8,Winter,5.0,14,27,0,2,1.61,1.33,1.007083333333333
5,32.2,Winter,1.0,12,20,0,3,1.47,1.88,2.33625
333,-4.5,Fall,4.0,1,22,4,12,1.27,0.88,1.491666666666667
1,35.7,Summer,1.0,10,4,1,7,0.82,0.68,1.4754166666666668
374,-6.7,Winter,2.0,5,27,0,2,0.76,1.07,1.153333333333333
300,4.2,Winter,3.0,23,19,6,3,1.03,1.58,1.7404166666666667
158,6.4,Spring,3.0,18,28,4,4,1.53,0.36,2.0033333333333334
470,25.2,Winter,3.0,6,11,5,3,0.61,0.47,1.30375
202,-5.1,Spring,2.0,20,13,3,4,0.72,1.75,1.2479166666666666
201,19.3,Summer,3.0,12,29,5,7,0.46,1.45,1.2541666666666669
182,-3.7,Summer,1.0,3,14,0,8,1.35,1.99,1.1891666666666667
274,38.5,Spring,4.0,7,29,0,5,0.31,1.84,1.4483333333333333
344,39.8,Winter,4.0,4,6,0,2,0.87,1.51,1.5529166666666665
415,24.4,Spring,4.0,14,20,1,6,0.67,1.61,1.3775000000000002
471,0.8,Spring,1.0,14,22,5,4,1.71,1.03,1.4766666666666666
135,31.4,Fall,5.0,12,7,3,12,0.46,0.33,1.6283333333333332
369,29.3,Fall,3.0,19,17,4,11,1.24,0.54,1.1275
370,5.8,Summer,2.0,1,18,4,8,0.3,0.61,1.46125
377,18.9,Spring,4.0,3,27,5,5,1.9,1.44,1.50875
329,7.0,Summer,3.0,3,26,1,9,1.06,1.52,1.4533333333333331
483,-6.3,Fall,3.0,6,12,1,12,1.01,0.27,1.7708333333333333
397,34.4,Spring,4.0,13,30,4,6,0.62,1.05,1.2541666666666669
392,38.8,Fall,1.0,11,17,1,10,1.13,0.72,1.19375
466,13.0,Winter,3.0,21,24,4,2,1.89,1.54,1.4420833333333334
492,7.1,Spring,1.0,23,26,0,6,1.33,1.81,1.7054166666666666
290,-3.9,Winter,2.0,17,26,6,3,0.3,1.99,1.3295833333333331
271,39.0,Summer,5.0,11,12,1,9,0.95,1.07,1.73375
459,23.6,Summer,3.0,7,12,5,8,1.32,0.6,1.7070833333333333
144,29.5,Winter,5.0,21,12,6,3,1.7,1.61,1.3704166666666666
250,15.4,Spring,5.0,9,24,2,5,1.58,1.54,1.6541666666666668
146,21.6,Fall,1.0,12,15,4,12,0.51,1.09,1.3633333333333333
307,17.5,Winter,2.0,23,23,0,1,1.51,1.18,1.8458333333333332
343,32.1,Winter,2.0,7,27,4,1,0.74,1.16,1.6595833333333332
371,10.2,Spring,5.0,18,26,0,6,0.62,0.68,1.555
18,40.0,Fall,3.0,3,12,1,12,0.87,0.22,1.41
68,23.3,Summer,3.0,2,6,2,9,1.87,0.85,1.4054166666666663
115,4.0,Fall,2.0,2,2,5,12,1.03,1.75,1.2154166666666668
194,19.7,Winter,1.0,2,8,2,3,0.6,1.26,1.3304166666666666
78,30.0,Fall,5.0,3,27,4,10,1.29,1.87,1.3516666666666666
304,4.4,Spring,1.0,11,1,0,5,0.86,0.56,1.7699999999999998
341,15.6,Spring,4.0,5,30,4,6,0.95,1.63,1.3258333333333334
261,-6.8,Spring,1.0,8,10,5,6,1.58,0.37,1.428333333333333
51,-2.4,Fall,3.0,6,25,0,12,0.23,1.82,1.2979166666666666
400,28.0,Winter,1.0,16,11,5,2,1.69,1.75,2.025416666666666
163,37.7,Summer,1.0,10,19,1,9,1.91,0.98,1.57625
379,20.3,Winter,1.0,17,30,0,1,1.47,1.47,1.63125
424,-2.9,Summer,4.0,2,29,4,9,0.79,1.77,1.7025
86,12.9,Summer,2.0,22,7,3,9,1.92,1.56,1.5795833333333331
393,27.1,Summer,1.0,0,25,1,7,0.22,1.8,1.4375
172,34.4,Fall,4.0,3,21,5,10,1.12,1.75,1.4079166666666667
474,35.2,Summer,4.0,6,30,6,7,1.25,0.69,1.7612500000000002
243,10.6,Fall,3.0,13,1,6,10,1.68,0.91,1.2241666666666666
149,25.8,Spring,2.0,20,24,5,6,1.57,1.05,1.9108333333333332
484,39.4,Spring,3.0,4,7,6,5,1.89,1.67,1.6441666666666668
306,35.6,Fall,1.0,8,4,5,11,1.48,1.88,1.46875
497,-8.2,Fall,2.0,5,28,1,11,1.84,0.92,1.4954166666666666
474,1.9,Fall,5.0,15,7,1,11,0.97,1.42,1.5337499999999995
81,-0.8,Fall,5.0,22,9,0,10,0.89,0.27,1.3491666666666668
142,6.6,Spring,5.0,19,19,0,6,0.93,1.15,1.3462500000000002
438,26.0,Winter,1.0,2,7,5,1,1.31,1.53,1.622083333333333
375,-8.8,Fall,2.0,10,11,5,11,0.37,1.93,1.502916666666667
140,12.7,Summer,2.0,17,4,4,8,0.32,1.32,1.1995833333333334
382,21.3,Winter,5.0,13,22,2,2,0.87,0.44,1.67875
353,30.5,Spring,2.0,16,26,4,5,1.25,1.79,1.3
172,35.5,Summer,2.0,0,30,6,7,1.44,0.71,1.4716666666666665
448,-2.8,Winter,3.0,23,23,3,2,0.27,0.24,1.03875
471,18.7,Spring,4.0,16,16,1,5,0.52,1.21,1.3475
424,16.5,Spring,5.0,4,23,6,4,1.45,1.79,1.23625
325,16.6,Summer,3.0,9,3,3,8,1.07,1.2,1.5658333333333332
278,27.0,Spring,4.0,0,20,1,6,0.22,1.02,1.2241666666666668
366,38.1,Winter,4.0,23,27,4,1,1.55,1.48,1.4083333333333332
222,10.4,Summer,3.0,7,12,5,8,1.67,1.59,1.6925
368,21.6,Spring,4.0,12,1,3,6,0.77,1.84,1.8091666666666668
283,26.9,Winter,1.0,23,1,2,3,1.58,1.44,1.268333333333333
408,-0.4,Summer,5.0,22,29,5,7,0.23,0.6,1.2195833333333332
485,-2.5,Spring,3.0,5,16,4,6,0.59,0.42,1.6554166666666663
238,16.4,Summer,3.0,13,7,4,7,1.34,1.34,1.0295833333333333
369,-2.1,Fall,1.0,12,24,6,12,1.64,1.23,1.21375
54,38.2,Spring,2.0,11,20,1,6,1.55,1.44,1.4054166666666668
291,-2.1,Fall,5.0,23,26,6,11,1.09,1.43,1.694583333333333
337,33.9,Spring,4.0,3,4,3,5,0.37,1.19,1.419166666666667
455,18.8,Winter,4.0,16,12,6,2,1.83,1.05,1.715833333333333
163,3.4,Summer,4.0,6,19,2,7,0.58,0.77,1.1125
133,39.7,Summer,3.0,4,21,0,8,1.56,0.35,1.0762500000000002
188,16.8,Summer,4.0,20,27,6,8,1.06,0.88,1.5195833333333333
190,11.6,Winter,2.0,23,2,3,2,1.51,1.84,1.0470833333333334
136,5.6,Summer,4.0,16,20,6,8,0.71,1.74,1.690416666666667
261,34.1,Summer,5.0,22,24,0,7,0.54,1.27,1.6450000000000002
254,-0.4,Fall,4.0,5,18,0,12,0.39,0.75,2.125833333333333
473,27.3,Spring,1.0,21,24,5,6,1.33,1.44,1.8204166666666663
75,16.2,Spring,5.0,5,1,3,6,0.47,1.56,1.535
47,13.5,Spring,3.0,5,24,0,4,1.05,1.39,1.7795833333333333
204,13.8,Spring,2.0,21,3,0,4,1.37,0.25,1.367916666666667
486,36.1,Fall,4.0,1,17,1,10,1.69,0.43,1.6229166666666668
121,10.2,Fall,1.0,20,4,5,11,0.46,0.99,1.5095833333333333
19,26.1,Spring,2.0,23,17,0,4,0.44,1.91,1.2545833333333334
109,3.5,Winter,5.0,0,9,3,2,0.97,1.62,1.4333333333333331
225,20.6,Fall,1.0,16,30,0,10,1.14,1.31,1.3170833333333334
482,31.4,Fall,1.0,12,14,5,10,1.13,0.27,1.49875
392,12.4,Winter,1.0,17,16,3,3,1.89,0.52,1.0679166666666668
440,33.4,Winter,2.0,1,22,6,1,0.78,0.98,1.75375
217,33.0,Winter,1.0,5,21,1,3,0.87,1.2,1.3575
26,20.6,Spring,4.0,11,9,6,4,0.3,1.23,1.5858333333333332
470,14.7,Winter,1.0,16,2,3,2,0.98,1.18,1.2145833333333331
84,1.7,Winter,2.0,3,18,5,3,1.59,0.78,1.3279166666666666
379,39.6,Spring,1.0,3,16,4,6,1.66,0.31,1.5079166666666666
385,1.7,Fall,3.0,23,4,0,12,0.25,1.84,1.3279166666666666
180,12.3,Winter,1.0,6,29,2,3,1.2,1.87,1.1316666666666666
25,-9.4,Fall,1.0,5,15,4,12,1.07,0.79,1.5391666666666668
236,24.1,Spring,2.0,19,29,5,4,1.68,1.79,1.6575
303,9.7,Summer,5.0,3,8,4,9,1.62,0.77,1.5533333333333337
364,33.5,Fall,3.0,2,18,0,12,0.8,0.93,1.8954166666666667
300,32.0,Summer,4.0,6,3,6,9,1.93,1.89,1.8729166666666668
205,7.1,Winter,1.0,17,22,2,3,1.87,1.22,1.5266666666666666
297,-7.6,Spring,5.0,16,10,0,4,0.8,0.82,1.4966666666666668
154,12.8,Winter,1.0,21,5,6,2,1.34,1.56,1.68
336,27.2,Winter,3.0,17,14,1,3,1.99,1.25,1.4154166666666663
24,30.4,Spring,2.0,16,14,4,4,0.51,1.05,1.3341666666666667
65,-6.3,Summer,3.0,18,6,2,9,1.21,0.55,1.8779166666666665
433,27.6,Fall,3.0,18,12,6,11,0.54,1.9,1.3558333333333332
249,25.8,Summer,3.0,6,24,3,8,1.05,0.28,1.3733333333333333
138,14.1,Summer,3.0,8,25,0,9,0.98,1.13,1.6829166666666664
3,26.0,Summer,1.0,9,14,4,7,1.74,1.96,1.2966666666666666
228,-8.5,Fall,3.0,22,30,0,10,1.54,0.76,1.5804166666666666
333,-0.0,Spring,4.0,14,26,0,6,1.81,1.55,1.3279166666666666
59,33.9,Spring,5.0,20,28,6,5,1.84,1.93,1.9841666666666664
80,32.2,Fall,4.0,2,18,2,10,1.75,0.97,1.3391666666666666
183,7.1,Fall,3.0,6,9,5,12,1.58,0.25,1.3141666666666667
395,-9.7,Fall,3.0,0,1,4,12,0.62,1.09,1.3058333333333334
126,10.5,Fall,2.0,14,18,5,11,0.38,1.08,1.6625
53,7.5,Spring,3.0,16,29,5,4,1.78,0.45,1.7079166666666667
48,16.7,Winter,1.0,4,31,1,1,1.51,0.96,1.1925
234,26.7,Fall,2.0,1,14,5,10,1.11,1.84,1.66
330,35.4,Summer,2.0,0,28,3,9,0.91,1.05,1.39
215,34.7,Spring,4.0,7,6,1,6,0.37,0.47,1.1970833333333333
162,28.6,Winter,3.0,6,18,5,3,0.39,1.96,1.505
61,6.6,Spring,5.0,14,24,0,4,1.27,0.68,1.705833333333333
111,19.6,Fall,5.0,6,25,0,12,0.77,1.8,1.3025
41,35.3,Spring,5.0,12,24,2,5,0.79,1.44,1.2704166666666663
485,18.8,Summer,1.0,17,25,1,7,0.96,0.96,1.7616666666666667
212,2.7,Spring,4.0,22,21,4,4,0.54,1.14,1.5741666666666667
466,34.0,Winter,3.0,17,24,4,2,0.65,0.56,1.3774999999999995
213,28.9,Summer,5.0,12,1,5,7,1.67,0.62,1.4858333333333336
43,30.1,Fall,2.0,8,21,3,12,0.66,0.23,1.53
479,3.1,Fall,2.0,19,22,4,12,0.83,0.45,1.3416666666666668
477,-4.2,Winter,4.0,8,20,4,1,1.01,1.0,1.15
29,-0.1,Winter,4.0,16,12,3,1,1.06,1.43,1.485
320,5.6,Fall,4.0,20,4,0,12,1.73,1.71,1.4512500000000002
133,18.6,Fall,3.0,22,26,1,12,1.62,1.21,1.6683333333333332
492,35.1,Winter,2.0,22,28,5,1,1.96,1.01,1.4574999999999998
289,-4.9,Fall,4.0,18,21,5,10,1.31,0.5,1.48375
354,18.0,Winter,3.0,16,16,3,3,0.44,0.24,1.0145833333333334
121,-3.8,Summer,3.0,19,27,2,9,1.44,1.98,1.524166666666667
1,28.7,Fall,1.0,1,19,1,12,1.05,0.51,1.4216666666666669
74,10.0,Fall,2.0,7,28,1,11,1.73,0.34,1.4579166666666667
195,-6.2,Fall,4.0,9,11,2,10,0.27,1.8,1.14875
360,22.7,Winter,3.0,19,3,4,2,0.56,0.97,1.1916666666666669
146,3.6,Spring,1.0,8,9,1,5,1.79,0.67,1.7666666666666666
348,7.5,Winter,5.0,16,23,3,2,0.91,1.35,1.497083333333333
250,26.0,Summer,4.0,18,7,0,8,0.75,1.24,1.3595833333333334
130,16.3,Fall,3.0,7,16,0,10,1.28,1.4,1.6558333333333335
398,8.8,Fall,5.0,20,21,3,12,0.39,0.88,1.6004166666666666
102,-2.3,Fall,1.0,9,23,0,10,0.64,0.45,1.1683333333333332
19,-1.0,Summer,3.0,7,13,2,9,0.86,1.62,1.3583333333333334
410,-5.1,Spring,4.0,8,21,6,5,0.76,1.59,1.49625
5,9.4,Spring,2.0,16,31,2,5,0.26,0.48,1.1695833333333334
148,4.9,Winter,4.0,17,6,0,3,1.88,1.46,1.512916666666667
266,36.4,Fall,1.0,12,28,3,12,1.69,0.77,1.445833333333333
109,10.6,Spring,3.0,9,14,4,4,1.56,1.74,1.46875
340,28.4,Spring,2.0,12,14,2,6,1.39,0.31,1.5666666666666669
140,21.1,Summer,2.0,2,10,0,7,0.75,1.56,1.5329166666666667
217,-7.7,Fall,2.0,7,20,2,12,0.78,1.09,1.32375
452,34.4,Fall,1.0,11,6,4,10,0.63,0.6,1.03875
271,17.5,Fall,4.0,17,23,0,10,0.55,0.6,1.475
199,25.3,Spring,3.0,9,28,2,6,1.7,1.75,1.6645833333333335
421,25.9,Summer,1.0,17,4,0,9,0.64,0.66,1.0970833333333334
2,27.0,Fall,5.0,1,13,2,12,0.92,1.04,1.535
232,4.3,Winter,4.0,10,30,0,1,1.25,0.86,1.3033333333333337
249,-2.6,Winter,5.0,1,26,6,3,0.61,1.47,1.4745833333333334
312,8.9,Winter,2.0,4,12,6,3,0.35,0.42,1.3145833333333332
383,17.3,Winter,5.0,8,3,4,3,0.74,0.48,1.0729166666666667
399,37.2,Fall,5.0,13,23,0,10,1.75,1.54,1.3220833333333333
257,12.4,Fall,5.0,19,24,4,11,1.43,1.25,1.2183333333333335
66,6.8,Spring,1.0,3,13,1,6,1.57,1.8,1.2695833333333333
102,27.8,Fall,4.0,14,26,1,12,0.73,1.66,1.3333333333333333
467,-2.9,Summer,3.0,19,4,4,8,1.63,1.55,1.3870833333333332
471,12.8,Winter,4.0,19,2,3,3,1.53,0.86,1.5704166666666666
19,-0.1,Fall,5.0,4,15,6,10,1.12,0.83,1.3579166666666669
207,4.1,Winter,1.0,4,7,5,1,1.49,1.57,1.5020833333333332
322,20.7,Fall,1.0,21,25,0,12,1.47,1.07,1.3083333333333331
280,25.2,Winter,5.0,2,5,6,2,1.99,1.51,2.0645833333333337
442,-6.1,Winter,2.0,20,19,6,2,0.55,0.93,1.3629166666666668
32,-7.6,Summer,3.0,0,20,6,8,1.77,1.05,1.7145833333333331
132,20.4,Summer,2.0,18,23,5,9,1.37,1.58,1.48375
123,21.0,Spring,1.0,2,12,0,6,1.16,1.72,1.1675
498,38.4,Winter,5.0,14,19,6,2,1.8,1.82,1.33125
489,0.4,Spring,5.0,2,2,4,6,0.93,0.54,1.6095833333333331
233,-0.9,Winter,2.0,12,30,0,1,0.94,1.18,1.4225
126,-3.5,Winter,1.0,8,1,2,3,0.48,1.89,1.1275
59,39.2,Fall,4.0,18,14,5,10,1.89,0.88,1.2925
232,32.3,Fall,4.0,0,10,4,11,0.85,1.34,1.2620833333333332
345,39.4,Summer,2.0,11,12,5,8,0.22,1.97,2.0116666666666663
164,22.1,Spring,4.0,1,12,2,4,1.91,0.32,1.8575
37,10.1,Winter,4.0,17,30,0,1,1.14,0.26,1.5991666666666668
129,15.7,Fall,3.0,16,19,6,11,1.55,0.83,1.288333333333333
76,37.7,Spring,4.0,3,6,3,4,0.32,0.33,1.5270833333333331
2,8.0,Winter,2.0,4,14,1,2,1.01,0.54,1.7604166666666667
177,17.2,Spring,4.0,7,9,1,5,1.24,1.66,1.5379166666666668
305,4.1,Fall,1.0,16,14,1,11,1.61,0.37,1.545
148,1.5,Winter,3.0,5,2,3,3,1.46,1.64,1.5620833333333335
273,5.7,Summer,4.0,2,28,0,8,1.7,1.57,1.7945833333333334
166,-2.9,Fall,1.0,12,30,0,10,1.58,0.58,0.98875
488,16.6,Spring,5.0,2,8,0,5,0.48,1.93,1.3170833333333334
436,39.8,Spring,2.0,12,2,4,6,0.84,1.99,1.7245833333333334
19,27.3,Winter,5.0,14,8,2,2,1.96,0.67,1.6875
55,17.6,Spring,5.0,11,14,4,4,0.6,1.4,1.3908333333333334
170,2.9,Spring,3.0,5,20,1,6,1.5,0.59,1.3908333333333334
40,-9.2,Spring,2.0,6,2,6,4,0.6,0.46,1.59
323,35.8,Summer,3.0,2,12,5,8,1.0,2.0,1.24375
225,12.1,Summer,4.0,20,18,0,9,0.22,1.34,1.5375
27,4.3,Fall,5.0,2,1,4,12,1.49,0.83,1.4158333333333335
397,23.3,Winter,1.0,4,6,4,1,1.91,1.99,1.6908333333333336
133,-2.6,Summer,1.0,1,2,5,9,0.87,1.62,1.7745833333333332
306,9.3,Winter,4.0,10,27,0,3,0.47,0.42,1.2729166666666667
184,24.9,Winter,4.0,10,6,4,1,0.39,0.45,1.2666666666666668
201,39.6,Summer,3.0,9,16,5,9,0.45,1.07,1.5229166666666665
475,-5.0,Spring,5.0,6,9,6,4,0.47,1.4,1.7908333333333335
368,35.2,Winter,3.0,18,14,1,2,0.8,1.63,1.1216666666666666
441,21.4,Summer,1.0,3,15,5,7,1.2,1.81,1.3675
42,38.5,Spring,5.0,9,8,5,4,1.59,0.93,1.3170833333333334
2,12.2,Winter,3.0,3,17,4,2,1.14,0.47,1.5066666666666666
249,9.4,Spring,1.0,15,11,6,6,1.83,1.51,1.7412500000000002
168,-3.2,Summer,5.0,23,5,5,8,1.73,1.14,1.5520833333333333
471,22.2,Summer,5.0,18,15,1,8,0.73,0.77,1.4579166666666663
122,-3.2,Summer,5.0,20,28,0,8,0.63,0.57,1.4779166666666663
276,25.7,Spring,1.0,6,1,3,6,1.6,1.76,1.5875
385,-4.7,Summer,1.0,3,25,0,9,0.41,0.53,1.38125
161,20.9,Summer,1.0,23,8,1,8,1.97,0.74,1.6366666666666665
89,5.7,Winter,2.0,22,21,1,2,1.67,0.32,1.2725
489,29.4,Spring,5.0,19,28,4,4,1.66,1.25,1.8758333333333328
177,3.8,Fall,2.0,17,28,3,12,1.37,0.23,1.66375
492,9.6,Winter,5.0,19,27,0,2,1.6,0.27,1.2079166666666663
15,0.7,Spring,1.0,13,3,2,5,1.93,1.68,1.6966666666666663
174,-0.8,Fall,5.0,9,12,3,10,0.88,0.65,0.9729166666666668
9,-2.2,Winter,4.0,18,18,5,3,1.22,1.76,1.57125
381,8.9,Spring,3.0,0,17,0,4,0.28,1.56,1.875416666666667
328,35.9,Fall,3.0,19,30,5,12,0.48,0.26,1.4266666666666667
209,30.0,Spring,2.0,16,22,5,4,1.67,1.34,1.3908333333333334
185,32.9,Summer,1.0,15,11,4,8,1.19,0.9,1.350833333333333
493,22.7,Fall,3.0,2,12,6,11,1.07,0.81,1.25125
38,2.6,Winter,2.0,17,14,1,2,1.18,0.44,1.2945833333333334
144,6.8,Summer,2.0,13,3,3,8,0.44,1.13,1.7279166666666663
494,34.5,Summer,5.0,19,6,2,9,1.27,1.96,1.6766666666666667
251,35.8,Fall,1.0,13,16,3,11,0.84,1.7,1.6654166666666663
5,6.1,Winter,1.0,17,16,0,1,1.99,1.07,1.18125
345,28.3,Winter,3.0,8,10,1,1,1.39,0.64,1.39125
409,4.2,Winter,4.0,10,31,1,1,0.77,1.88,1.4
403,19.6,Spring,1.0,7,7,4,4,1.68,0.54,1.7891666666666668
165,37.1,Spring,4.0,20,26,4,5,0.62,0.7,1.4720833333333332
61,-8.3,Summer,5.0,20,3,3,8,1.24,1.22,1.3383333333333332
48,23.5,Winter,2.0,1,20,4,1,0.77,0.62,1.5425000000000002
285,5.6,Summer,4.0,20,6,2,9,0.26,0.33,1.7108333333333332
221,19.4,Summer,2.0,18,13,6,8,0.61,1.67,1.0375
133,18.8,Summer,2.0,10,26,2,7,1.25,1.81,1.4254166666666668
413,19.8,Fall,1.0,5,5,1,12,0.81,1.8,1.4875
384,-6.8,Fall,3.0,1,8,4,12,1.15,1.42,1.6720833333333334
127,28.3,Fall,4.0,0,15,2,11,0.45,1.49,1.294166666666667
185,8.6,Summer,3.0,22,7,0,8,0.57,0.53,1.5170833333333331
234,18.3,Winter,3.0,22,9,3,3,1.99,1.43,1.7270833333333335
312,10.8,Fall,1.0,15,26,3,10,1.42,0.64,1.6333333333333335
232,11.6,Summer,1.0,10,8,1,8,1.59,1.54,1.643333333333333
98,-3.7,Summer,5.0,8,5,2,7,1.57,1.19,1.5133333333333334
106,18.8,Summer,2.0,23,5,2,7,1.5,0.9,1.8616666666666664
397,29.2,Summer,4.0,5,2,5,9,0.75,0.99,1.8358333333333332
348,38.5,Summer,2.0,20,11,0,9,0.31,0.29,1.325416666666667
444,29.5,Fall,1.0,17,10,1,10,0.73,1.72,1.36
326,20.5,Spring,2.0,16,29,5,4,1.05,0.67,1.7425
40,18.9,Winter,2.0,6,10,4,3,0.91,0.58,1.524166666666667
414,27.9,Winter,2.0,11,18,2,1,1.11,0.55,1.4495833333333332
55,24.2,Winter,2.0,13,10,1,1,0.99,0.73,1.24875
385,35.0,Fall,1.0,2,28,3,12,0.5,0.54,1.15
178,35.1,Spring,3.0,8,5,2,4,1.81,1.4,1.0104166666666667
373,1.4,Fall,4.0,9,11,0,12,0.79,1.86,1.2520833333333332
459,27.2,Winter,5.0,11,14,5,1,1.47,0.47,1.2220833333333334
442,3.9,Spring,3.0,22,24,0,4,1.25,0.54,1.1820833333333332
19,16.7,Winter,5.0,7,26,6,2,1.64,0.28,0.9545833333333332
211,11.5,Spring,5.0,14,8,0,5,0.58,0.37,1.7704166666666667
465,20.6,Spring,1.0,22,22,5,4,0.29,0.79,1.3579166666666669
402,-0.3,Winter,4.0,21,6,4,1,1.44,1.05,1.6875
318,34.3,Spring,3.0,15,25,3,5,1.32,1.44,1.4491666666666667
194,22.8,Summer,4.0,5,11,1,7,1.23,1.57,1.64
433,7.1,Winter,5.0,20,3,4,3,0.95,1.5,1.1116666666666666
339,4.5,Winter,1.0,13,13,4,1,1.3,1.39,2.035
289,-4.6,Fall,1.0,2,8,6,10,1.9,1.75,1.1449999999999998
313,26.9,Winter,1.0,0,24,1,1,1.48,1.03,1.94625
273,20.5,Winter,3.0,22,6,0,3,0.71,1.78,1.4358333333333333
62,29.7,Summer,2.0,3,18,1,7,0.48,0.58,1.1808333333333334
17,25.6,Winter,2.0,19,16,3,2,0.74,1.83,1.56375
483,6.2,Winter,5.0,9,12,6,2,1.52,0.25,1.8995833333333332
190,28.6,Summer,2.0,20,25,4,8,1.99,0.44,1.4104166666666669
155,-6.2,Fall,2.0,14,4,0,12,1.59,1.59,1.4075
486,19.7,Spring,3.0,11,23,1,5,1.99,0.49,1.757083333333333
483,12.4,Summer,3.0,5,21,4,7,0.37,0.87,1.42875
191,19.1,Summer,2.0,20,12,5,8,0.77,0.78,1.4720833333333336
442,-5.8,Summer,2.0,6,4,4,8,1.69,1.2,1.3295833333333331
406,-8.4,Fall,2.0,11,22,6,10,0.35,0.5,0.94375
297,12.1,Fall,2.0,13,5,6,11,1.99,0.49,1.8908333333333327
52,6.6,Spring,4.0,4,5,2,4,1.18,1.86,1.0533333333333337
318,-5.7,Winter,1.0,17,15,2,2,0.26,1.69,1.6045833333333333
259,21.3,Spring,5.0,19,25,1,4,0.32,1.71,1.4583333333333333
95,-3.0,Fall,4.0,15,12,3,10,0.76,1.14,1.3916666666666666
270,36.0,Spring,1.0,18,6,3,4,0.27,1.86,1.352083333333333
246,30.5,Fall,4.0,3,13,4,10,1.29,0.68,1.40625
387,7.9,Spring,1.0,0,19,2,4,1.79,0.74,1.65625
267,33.9,Fall,3.0,9,17,6,12,0.23,1.77,1.8770833333333332
38,39.8,Summer,1.0,10,17,0,7,0.35,1.21,1.237083333333333
131,1.0,Fall,3.0,0,17,6,12,0.54,0.92,1.15625
74,21.1,Winter,4.0,9,15,6,1,1.92,0.84,2.2033333333333336
190,14.3,Summer,1.0,14,2,5,9,0.54,0.53,1.1658333333333333
482,7.2,Winter,2.0,4,21,5,1,1.65,1.43,1.2516666666666667
75,4.9,Spring,3.0,18,29,5,4,1.72,0.89,1.715833333333333
57,14.5,Winter,3.0,10,22,2,2,1.86,1.4,1.836666666666667
298,35.7,Summer,1.0,7,3,3,8,0.37,1.44,1.555416666666667
294,5.3,Winter,3.0,7,9,3,3,1.26,0.95,1.8695833333333336
301,20.3,Winter,4.0,7,1,0,1,1.85,0.67,1.7283333333333333
403,33.4,Summer,3.0,13,11,4,8,1.76,1.29,1.6408333333333331
17,-5.4,Spring,1.0,12,2,4,6,0.43,0.31,1.6625
360,27.1,Fall,3.0,23,7,3,12,0.43,0.76,2.0525
335,-0.1,Winter,3.0,16,24,1,1,1.6,0.41,1.7254166666666666
142,-9.7,Winter,4.0,17,12,3,1,0.61,0.59,1.4625
238,25.5,Winter,3.0,21,26,3,1,0.97,0.95,1.8895833333333332
63,-2.4,Winter,4.0,17,10,4,2,0.44,0.87,1.2179166666666668
312,-5.9,Winter,2.0,2,14,5,1,1.84,0.54,1.5791666666666666
415,-4.5,Spring,2.0,15,8,5,4,0.26,1.47,1.4833333333333334
489,9.1,Winter,5.0,21,16,0,1,0.24,1.15,1.5616666666666668
398,37.6,Summer,3.0,12,6,6,8,0.63,0.37,1.711666666666667
11,-10.0,Fall,5.0,13,17,1,10,1.27,0.32,1.34375
118,-0.1,Winter,5.0,7,6,0,2,1.23,1.61,1.3633333333333333
373,27.6,Winter,4.0,10,30,0,1,1.13,0.94,1.3383333333333336
16,22.3,Spring,2.0,18,11,6,6,0.31,1.92,1.87125
390,17.2,Spring,2.0,2,24,2,5,0.47,1.14,1.9733333333333332
213,22.7,Winter,2.0,2,29,6,1,1.19,0.77,1.41
267,2.4,Winter,4.0,19,18,2,1,1.09,1.99,1.3529166666666663
271,-9.2,Fall,3.0,10,9,0,10,1.44,0.74,1.6962499999999998
170,25.6,Fall,3.0,0,17,1,10,0.86,1.17,1.55375
348,10.7,Spring,3.0,2,8,5,4,1.48,1.83,1.705833333333333
103,18.0,Fall,5.0,4,24,1,10,1.19,0.93,1.5216666666666667
144,20.2,Spring,4.0,0,26,0,6,0.96,0.28,1.7195833333333337
53,-0.3,Winter,1.0,21,3,4,2,0.58,1.51,1.0366666666666666
127,2.7,Winter,3.0,7,18,5,2,1.37,0.75,1.3716666666666668
420,37.9,Winter,4.0,11,22,2,3,1.43,1.55,1.4733333333333334
86,26.4,Summer,3.0,5,8,1,8,1.87,1.63,1.8058333333333332
223,-8.1,Spring,4.0,3,5,0,6,0.54,0.57,1.4829166666666664
327,7.1,Summer,2.0,14,19,5,8,0.98,0.73,1.5133333333333334
254,27.9,Winter,1.0,5,22,6,1,1.76,1.01,1.7079166666666667
178,22.3,Spring,5.0,0,26,4,5,1.62,0.9,1.39375
181,18.7,Spring,2.0,10,11,3,5,1.92,0.48,1.2225
326,-8.8,Summer,1.0,18,26,5,8,0.44,1.19,1.3516666666666666
187,30.1,Winter,2.0,16,23,0,1,0.95,1.89,1.647916666666667
181,16.3,Winter,3.0,9,20,0,3,0.5,0.97,1.6720833333333334
259,27.0,Winter,5.0,23,17,1,1,1.01,1.33,1.3916666666666668
77,37.7,Fall,1.0,4,2,5,12,0.98,1.72,1.1883333333333337
83,36.4,Summer,2.0,12,17,3,8,1.31,0.77,1.7366666666666666
157,13.6,Spring,5.0,8,15,3,6,1.52,0.64,1.5916666666666666
8,27.5,Fall,1.0,8,13,0,11,0.66,0.29,1.4041666666666666
72,10.0,Fall,1.0,3,12,1,12,1.06,0.43,1.5833333333333333
51,20.1,Fall,4.0,18,1,2,11,1.45,1.49,1.4487500000000002
155,29.7,Spring,4.0,13,17,2,5,1.48,1.07,1.6758333333333333
356,27.3,Spring,1.0,16,27,1,6,0.63,0.32,1.8266666666666664
298,20.3,Winter,5.0,14,14,1,3,1.48,1.43,1.22375
33,-8.0,Winter,5.0,11,16,3,2,1.82,1.84,1.56625
129,7.8,Fall,4.0,11,12,3,10,0.83,1.27,1.2275
37,19.6,Winter,1.0,21,20,0,2,1.35,0.82,1.414583333333333
241,21.8,Summer,1.0,19,31,3,8,1.9,0.54,1.5108333333333333
403,31.4,Winter,1.0,17,25,2,1,1.47,1.52,1.7370833333333335
435,4.1,Fall,5.0,17,2,3,11,0.98,0.92,1.52625
185,30.2,Spring,2.0,5,30,6,4,0.29,1.73,1.6241666666666663
138,14.4,Winter,1.0,7,18,5,2,0.23,1.19,1.3541666666666667
311,4.2,Fall,3.0,18,1,6,10,0.58,1.29,1.7445833333333332
146,9.1,Winter,4.0,13,1,0,1,0.89,1.14,1.7995833333333335
362,8.4,Winter,2.0,18,21,5,1,1.52,1.72,1.4879166666666668
443,14.6,Winter,4.0,10,11,2,1,0.26,1.31,1.8541666666666667
405,26.9,Fall,4.0,11,4,2,10,0.75,1.14,1.4041666666666666
324,3.1,Fall,5.0,4,20,2,12,0.47,0.34,1.4745833333333334
135,13.3,Winter,5.0,21,22,2,3,0.79,1.34,1.3683333333333332
117,24.0,Spring,3.0,7,8,0,5,1.69,1.9,1.1166666666666667
327,-3.2,Summer,4.0,10,21,3,9,0.23,0.46,1.569583333333333
12,33.5,Fall,2.0,1,14,5,10,1.17,0.76,1.5783333333333331
157,9.5,Winter,4.0,20,5,3,1,1.41,0.85,1.7020833333333334
1,22.6,Summer,5.0,10,16,5,9,1.98,1.31,1.413333333333333
452,8.4,Summer,4.0,16,21,4,7,1.81,0.35,1.2008333333333334
22,26.7,Summer,3.0,23,23,6,7,0.36,0.58,1.4866666666666666
53,4.7,Summer,5.0,8,21,0,8,1.12,0.3,1.3066666666666666
102,35.4,Winter,5.0,11,19,3,1,1.18,0.98,1.1883333333333332
329,30.5,Fall,5.0,14,11,5,11,1.53,0.46,1.14
497,21.4,Spring,4.0,16,30,6,4,1.12,1.8,2.137916666666667
72,-1.1,Fall,3.0,12,1,6,10,1.6,0.58,1.1875
207,31.3,Summer,5.0,6,10,0,7,0.32,1.96,1.2054166666666668
377,4.1,Spring,3.0,14,19,4,5,0.49,1.8,1.6362499999999998
226,7.5,Summer,2.0,1,20,6,8,1.41,1.41,1.6120833333333335
432,30.8,Summer,3.0,14,31,3,8,1.74,1.91,1.77625
233,8.6,Fall,4.0,3,22,6,10,1.87,1.02,1.1475000000000002
470,5.9,Fall,3.0,22,9,0,10,1.93,1.41,1.3829166666666666
431,13.0,Winter,2.0,7,16,3,3,0.74,1.92,1.4254166666666668
29,30.7,Fall,5.0,12,17,4,11,0.72,1.4,1.4191666666666665
290,2.6,Summer,4.0,1,3,6,9,0.21,0.71,2.04
140,34.5,Summer,3.0,1,8,4,9,0.51,0.64,1.61625
350,4.7,Winter,3.0,22,23,0,1,1.55,1.53,1.772916666666667
415,-7.9,Spring,5.0,22,2,1,5,1.67,1.05,1.268333333333333
485,-2.8,Summer,5.0,11,3,6,9,1.41,0.75,1.44625
336,-2.2,Spring,4.0,14,29,0,5,0.87,1.32,1.9516666666666669
308,34.8,Summer,4.0,19,13,6,8,0.8,1.84,1.0120833333333332
474,16.2,Winter,2.0,3,16,0,1,0.62,0.65,1.3979166666666665
271,1.3,Spring,2.0,15,3,5,6,0.36,0.9,1.2391666666666663
166,15.5,Summer,5.0,7,11,0,9,1.07,0.26,1.4820833333333334
84,39.9,Winter,1.0,18,13,0,2,1.42,0.92,1.4108333333333334
311,-6.1,Winter,5.0,11,31,1,1,0.44,1.05,1.4116666666666668
193,22.3,Summer,5.0,10,19,2,7,1.96,1.69,1.26
483,39.0,Winter,4.0,2,12,6,3,0.37,1.91,1.5279166666666668
158,5.8,Summer,5.0,16,25,0,9,1.45,0.23,1.6604166666666664
209,19.9,Summer,5.0,19,29,5,7,1.69,1.59,1.0154166666666666
348,34.6,Fall,3.0,19,9,5,12,0.39,0.81,1.2654166666666666
159,-3.7,Fall,5.0,8,10,1,10,0.76,0.36,1.1208333333333331
235,28.5,Summer,2.0,9,18,4,8,1.63,1.35,1.4095833333333336
1,37.5,Fall,1.0,23,24,1,10,0.96,1.75,1.4879166666666668
66,13.3,Summer,1.0,3,29,1,8,1.32,0.56,1.09875
152,38.5,Winter,5.0,1,7,5,1,1.83,0.89,1.6275000000000002
451,-4.7,Winter,3.0,5,23,3,3,1.93,1.6,1.6795833333333334
387,29.4,Spring,2.0,4,6,5,5,0.81,0.39,1.3704166666666666
8,28.1,Winter,5.0,23,18,5,2,0.58,0.26,1.6066666666666665
126,3.9,Spring,1.0,11,9,4,6,0.75,1.18,1.414583333333333
338,4.0,Winter,5.0,16,14,1,3,1.32,0.8,1.1858333333333333
369,32.1,Summer,3.0,5,4,0,9,1.87,1.91,1.9633333333333327
25,24.3,Spring,5.0,17,12,0,6,1.95,1.42,1.3775000000000002
130,18.0,Spring,1.0,8,16,4,6,0.61,1.16,1.780833333333333
333,-8.1,Fall,1.0,13,12,6,11,0.69,1.91,1.2620833333333332
140,-5.5,Summer,1.0,20,22,4,9,1.98,0.9,1.8216666666666663
366,9.1,Winter,5.0,14,26,6,3,1.42,0.24,1.29375
304,16.0,Summer,4.0,1,29,1,8,0.21,1.76,1.2704166666666667
339,12.0,Fall,3.0,5,12,6,11,1.9,1.24,1.28125
317,36.2,Summer,2.0,5,3,3,8,1.08,1.61,1.5991666666666668
432,9.0,Spring,3.0,10,22,3,6,0.82,0.5,1.03875
242,0.6,Spring,5.0,5,2,6,4,1.62,0.6,1.875
50,28.3,Spring,2.0,5,12,4,5,1.07,1.69,0.9875
383,13.7,Fall,4.0,21,13,2,12,0.93,0.81,1.8883333333333332
106,14.4,Spring,5.0,18,6,1,6,0.77,1.12,1.64
19,21.6,Spring,3.0,22,9,1,5,1.21,0.81,1.4070833333333332
18,8.7,Spring,3.0,16,7,4,4,1.68,1.37,1.6245833333333335
221,23.5,Summer,1.0,0,8,1,8,0.9,1.69,1.524166666666667
385,34.7,Spring,3.0,9,4,3,5,1.55,1.5,1.3829166666666666
489,11.2,Fall,4.0,7,14,1,11,0.49,1.76,1.780833333333333
99,29.6,Summer,4.0,1,17,6,9,0.76,1.2,1.5833333333333333
120,4.6,Summer,1.0,22,29,5,7,1.61,1.24,1.2154166666666666
310,33.6,Summer,3.0,5,6,3,7,0.72,0.41,1.6720833333333334
293,28.4,Winter,3.0,1,12,6,3,1.49,0.71,1.57875
310,-1.5,Spring,5.0,19,29,5,4,0.52,0.32,1.6358333333333333
469,37.9,Fall,4.0,17,14,5,10,1.6,1.4,1.184583333333333
162,23.5,Winter,2.0,15,8,2,3,0.57,0.79,1.3862499999999998
429,9.7,Spring,1.0,21,23,4,6,0.95,0.22,1.60875
138,21.1,Spring,4.0,1,22,0,5,0.53,0.76,1.20125
194,35.6,Spring,5.0,16,10,2,5,0.85,1.99,1.2270833333333333
283,-9.4,Summer,3.0,7,7,4,7,0.24,0.46,1.3416666666666668
135,-8.4,Spring,5.0,5,24,5,6,1.63,1.2,1.437083333333333
103,38.0,Fall,1.0,14,14,5,10,0.32,1.23,1.3558333333333337
106,14.2,Fall,5.0,21,9,0,10,1.65,1.48,1.4895833333333333
251,-3.6,Fall,2.0,10,27,0,11,1.09,1.46,1.1583333333333334
302,7.0,Fall,2.0,1,7,3,12,1.86,0.98,1.6745833333333335
111,2.5,Fall,2.0,11,27,4,10,0.55,1.22,1.535
376,3.4,Fall,1.0,1,10,1,10,1.25,0.63,1.2066666666666666
175,16.6,Fall,2.0,12,30,0,10,1.39,1.94,1.00875
6,31.2,Summer,1.0,3,16,2,8,0.44,0.3,1.4045833333333333
7,-0.0,Fall,3.0,9,11,5,11,1.76,1.99,1.4775
74,32.5,Fall,5.0,3,14,1,11,0.28,0.3,2.049166666666667
54,-2.4,Summer,4.0,20,12,5,8,0.47,1.75,1.33375
391,15.4,Spring,5.0,15,9,4,6,1.42,0.34,1.4154166666666663
344,16.8,Winter,3.0,19,18,2,1,1.89,0.72,1.4979166666666668
2,20.5,Summer,5.0,11,3,3,8,0.86,0.36,1.57875
170,24.9,Spring,1.0,7,27,5,5,1.63,0.35,1.569583333333333
256,28.4,Fall,5.0,14,17,6,12,0.56,1.49,1.6741666666666666
157,36.1,Spring,5.0,1,30,6,4,0.84,0.85,1.7816666666666665
382,17.8,Fall,4.0,0,16,0,10,1.49,1.29,1.3570833333333334
319,-7.3,Winter,3.0,18,14,5,1,1.99,0.47,1.1754166666666668
403,31.8,Winter,2.0,4,29,6,1,1.18,1.6,1.4995833333333335
91,26.3,Summer,2.0,14,29,5,7,1.53,1.0,1.3150000000000002
342,3.4,Spring,1.0,22,17,5,6,0.38,1.57,1.38875
372,12.0,Fall,2.0,9,8,2,11,1.9,1.21,1.9608333333333332
69,12.9,Spring,4.0,5,29,0,5,1.99,1.43,1.5733333333333333
357,36.7,Summer,3.0,22,9,2,8,0.32,1.07,1.3370833333333332
260,-5.1,Spring,2.0,8,2,6,4,1.71,0.21,1.62125
393,14.2,Fall,1.0,19,28,1,11,0.54,0.7,1.4979166666666668
217,18.6,Winter,4.0,3,6,0,3,0.47,1.83,1.0933333333333333
292,14.5,Winter,3.0,5,14,1,3,0.24,0.27,1.8725000000000005
228,29.6,Summer,1.0,22,4,1,7,0.89,0.52,1.5304166666666668
193,-3.5,Spring,2.0,8,11,6,6,0.31,1.39,1.18125
409,-3.1,Spring,1.0,19,29,0,5,1.42,1.62,1.77625
34,31.5,Fall,1.0,9,21,3,12,0.48,0.56,1.51375
265,12.2,Winter,5.0,22,28,1,3,0.9,0.77,1.1758333333333333
387,16.8,Fall,1.0,12,6,4,10,1.33,0.21,1.1424999999999998
58,21.8,Summer,4.0,20,30,5,9,0.6,0.7,1.0799999999999998
212,24.4,Summer,5.0,0,21,3,9,1.61,1.51,1.93125
339,37.4,Spring,1.0,13,27,3,4,1.2,0.81,1.6725
69,1.1,Winter,1.0,3,5,6,2,1.62,0.52,1.9125
300,9.1,Summer,5.0,2,30,6,7,0.36,1.77,1.7054166666666666
401,6.1,Winter,3.0,12,12,3,1,0.72,0.85,1.4670833333333333
219,3.5,Spring,3.0,22,7,6,5,1.54,1.96,1.4183333333333332
212,24.3,Winter,1.0,20,20,4,1,0.96,1.12,1.34875
59,-5.8,Fall,5.0,8,27,2,12,0.24,1.64,1.5054166666666668
28,4.4,Summer,3.0,7,8,1,8,2.0,1.87,1.9020833333333336
75,37.1,Spring,4.0,2,8,3,6,1.51,0.36,1.6958333333333335
335,4.7,Fall,5.0,17,6,4,10,0.36,1.6,1.3724999999999998
229,21.0,Fall,4.0,17,20,2,12,1.24,1.13,1.274166666666667
353,21.8,Summer,3.0,3,20,3,7,0.91,0.77,1.4395833333333332
314,32.2,Summer,1.0,21,30,6,7,1.2,0.24,1.45875
369,-0.5,Summer,5.0,5,28,0,8,1.71,0.45,1.8083333333333331
40,-5.6,Summer,3.0,16,13,2,9,1.86,1.1,1.0675
173,6.6,Summer,4.0,22,1,4,9,1.25,1.84,1.74625
471,-3.6,Spring,5.0,22,2,6,4,1.86,0.23,1.6900000000000002
370,31.6,Spring,3.0,0,2,6,4,1.43,0.82,1.4395833333333332
253,6.4,Winter,5.0,6,4,5,3,0.86,0.76,1.0879166666666666
209,38.4,Summer,1.0,23,5,5,8,1.59,1.5,1.5445833333333334
423,20.2,Winter,1.0,23,10,1,1,1.23,0.39,1.840833333333333
170,27.7,Summer,5.0,12,10,3,8,1.84,0.47,1.5816666666666663
484,13.0,Fall,3.0,7,26,3,10,1.01,0.53,1.61125
193,7.7,Fall,3.0,17,8,4,12,0.49,1.17,1.393333333333333
326,21.2,Spring,1.0,4,20,1,6,0.44,1.66,1.1570833333333332
345,19.0,Winter,1.0,11,4,5,2,1.99,0.53,1.5666666666666669
187,24.4,Summer,5.0,14,22,4,9,0.68,1.61,1.5454166666666664
342,26.1,Summer,2.0,11,7,0,8,1.06,1.56,1.3575
298,35.0,Summer,3.0,14,16,2,8,0.72,1.48,1.57625
233,37.6,Summer,4.0,5,21,3,9,1.13,0.95,1.6004166666666666
133,18.5,Spring,2.0,16,13,1,6,1.99,1.58,1.424583333333333
131,2.2,Winter,5.0,18,31,4,3,1.44,0.37,1.1129166666666668
102,10.2,Spring,2.0,1,21,2,6,1.52,1.92,1.8575
62,-4.5,Summer,5.0,6,21,4,7,0.96,0.35,1.475
201,15.3,Summer,1.0,5,6,3,7,1.32,0.62,1.6545833333333333
30,10.5,Spring,3.0,5,16,6,4,0.78,0.39,0.98625
88,16.3,Spring,4.0,11,15,0,5,0.86,0.65,1.446666666666667
78,8.8,Spring,2.0,4,28,4,4,0.58,1.05,1.4558333333333335
219,10.9,Winter,1.0,6,16,3,2,0.86,0.5,1.9991666666666663
475,-6.6,Spring,5.0,1,10,2,5,1.0,0.88,1.4320833333333332
472,-4.1,Winter,4.0,5,1,0,1,1.88,0.51,1.83375
298,19.9,Fall,2.0,1,29,6,10,0.69,1.11,1.4733333333333334
198,10.2,Summer,3.0,1,31,0,7,1.32,0.93,1.5566666666666666
421,-5.0,Fall,2.0,12,6,4,10,1.46,0.25,1.1329166666666666
430,24.5,Fall,5.0,6,30,0,10,1.98,0.26,1.1233333333333333
392,6.9,Fall,5.0,3,28,5,10,1.16,1.66,1.2129166666666666
222,-7.1,Spring,5.0,23,17,5,6,0.23,1.32,1.4179166666666667
461,-8.7,Summer,2.0,15,8,1,8,0.6,0.58,1.7091666666666667
10,36.1,Summer,5.0,8,15,5,7,1.69,1.53,1.4725
177,3.3,Winter,5.0,3,24,1,1,1.01,0.77,1.78125
455,15.0,Fall,3.0,1,17,1,10,1.27,1.07,1.6158333333333337
470,-8.3,Spring,2.0,23,13,3,4,1.07,0.26,1.0258333333333334
39,-1.4,Summer,2.0,20,2,2,8,0.24,0.23,1.5666666666666664
219,37.6,Summer,2.0,17,3,3,8,1.56,1.25,1.6025
498,-7.3,Spring,3.0,13,10,5,6,1.05,0.25,1.3204166666666668
441,19.6,Spring,1.0,5,20,1,6,1.2,0.61,1.3675
164,10.6,Summer,2.0,22,10,0,7,1.04,0.53,1.69625
473,22.5,Summer,1.0,23,17,6,9,1.61,0.57,1.913333333333333
411,10.1,Fall,2.0,9,5,1,12,0.95,0.62,1.5220833333333337
475,28.2,Summer,1.0,15,30,5,9,1.06,0.69,1.2620833333333332
279,11.2,Spring,4.0,14,9,4,6,0.58,1.12,1.4225
105,20.5,Fall,3.0,17,5,6,11,1.93,1.99,1.8908333333333331
257,13.5,Fall,3.0,8,25,0,12,0.54,0.83,1.2270833333333333
41,5.4,Spring,1.0,18,2,4,6,1.15,0.74,1.52125
37,5.9,Summer,4.0,11,8,4,9,1.09,1.78,1.3691666666666666
75,-5.4,Spring,1.0,9,10,2,5,0.68,1.89,1.1979166666666667
112,22.1,Spring,3.0,12,8,0,5,1.32,1.03,1.278333333333333
488,37.0,Winter,4.0,20,24,4,3,1.87,1.26,1.6154166666666665
328,28.6,Winter,3.0,5,20,0,2,0.43,0.46,1.2329166666666669
375,5.4,Winter,3.0,0,18,2,1,0.27,1.84,1.3841666666666663
156,17.5,Fall,4.0,0,3,4,11,1.3,0.52,1.7220833333333332
250,12.7,Winter,4.0,3,22,2,3,0.42,0.39,1.5799999999999998
180,9.9,Winter,1.0,2,15,2,3,1.35,1.49,1.5058333333333334
245,22.8,Winter,5.0,14,5,6,2,0.62,1.32,1.2129166666666666
395,26.0,Summer,4.0,0,10,0,7,1.53,1.64,1.61875
457,26.9,Fall,3.0,10,2,5,12,1.13,1.87,1.24875
80,26.1,Summer,4.0,3,22,4,9,1.8,0.73,1.92875
231,11.6,Fall,5.0,9,24,6,12,0.44,0.48,1.2970833333333334
307,36.7,Summer,3.0,20,17,6,9,0.73,0.22,2.13375
310,3.4,Spring,5.0,2,17,0,4,0.26,0.49,1.7204166666666667
264,36.8,Winter,3.0,17,15,6,1,1.32,0.72,1.278333333333333
467,28.9,Summer,2.0,2,23,2,8,1.68,1.41,1.6495833333333332
403,20.9,Spring,2.0,17,7,2,6,1.11,1.43,1.5795833333333331
393,10.3,Fall,2.0,23,9,0,10,0.71,1.73,1.372083333333333
177,27.2,Fall,1.0,21,18,0,12,0.9,1.28,1.3445833333333332
110,25.0,Winter,1.0,4,22,2,2,1.24,0.58,1.535
306,19.2,Summer,5.0,14,6,2,9,0.2,1.69,1.8341666666666665
291,16.2,Winter,4.0,2,12,3,1,0.44,1.47,1.696666666666667
446,18.0,Fall,2.0,5,29,4,12,1.11,0.54,1.5558333333333332
370,35.6,Spring,2.0,1,29,5,4,1.4,1.53,2.0595833333333333
339,12.6,Fall,1.0,21,5,1,12,0.51,0.64,1.4083333333333332
472,22.5,Summer,3.0,13,30,5,9,0.91,1.06,1.5016666666666667
466,38.7,Spring,2.0,20,24,5,6,1.7,0.6,1.91375
453,33.9,Fall,5.0,13,20,4,10,0.29,1.24,1.1054166666666665
437,28.1,Spring,3.0,15,11,3,5,0.72,0.32,1.5216666666666665
336,39.1,Winter,1.0,5,8,2,2,1.14,0.31,1.3625
485,39.8,Spring,5.0,10,15,3,6,1.15,0.37,1.4508333333333334
190,24.0,Winter,4.0,20,25,5,3,1.07,0.49,1.7625000000000002
408,39.4,Summer,1.0,23,10,6,9,1.5,1.27,1.41875
351,25.8,Spring,5.0,14,30,6,4,1.27,1.2,2.105833333333333
423,19.9,Spring,5.0,8,17,2,5,0.76,1.92,1.4508333333333334
36,36.1,Fall,4.0,11,11,0,12,0.6,0.5,1.3533333333333333
239,-7.0,Fall,1.0,19,4,0,12,1.75,1.26,1.3491666666666664
445,5.2,Spring,5.0,19,9,1,5,1.69,1.65,1.1545833333333333
3,21.0,Fall,5.0,16,31,1,10,1.43,0.39,1.5475
209,33.2,Summer,3.0,16,7,3,9,1.07,0.27,1.0104166666666667
48,38.6,Winter,1.0,20,16,3,3,1.88,1.32,1.4016666666666666
373,28.4,Summer,3.0,12,21,4,7,1.68,1.92,1.1033333333333333
293,32.0,Spring,3.0,7,29,0,5,0.34,1.29,1.1620833333333334
337,36.6,Fall,5.0,14,10,1,10,1.84,0.85,1.17625
19,-3.6,Spring,3.0,6,22,5,4,0.71,1.04,1.39625
87,10.3,Winter,1.0,10,25,2,1,0.94,1.16,1.663333333333333
89,4.4,Winter,3.0,8,17,4,3,1.2,1.06,0.905
291,1.2,Fall,1.0,2,24,6,12,1.85,1.27,1.044166666666667
411,3.9,Spring,2.0,2,24,5,6,1.68,1.5,1.3320833333333333
70,28.6,Spring,1.0,2,19,2,4,0.67,0.93,1.59375
11,5.1,Fall,5.0,19,24,6,12,0.54,0.37,1.1770833333333333
465,21.9,Winter,1.0,11,20,4,1,1.2,1.99,1.372083333333333
177,18.0,Spring,3.0,16,2,4,6,0.84,0.34,1.5641666666666667
245,5.6,Fall,5.0,6,14,5,10,1.07,1.84,1.515
236,38.8,Fall,4.0,17,24,6,12,1.42,0.39,1.1458333333333333
460,34.7,Spring,4.0,7,16,1,5,0.96,0.58,1.552083333333333
98,0.2,Spring,1.0,16,1,5,4,1.96,0.9,1.8804166666666668
405,19.2,Summer,3.0,8,20,6,8,1.34,0.72,1.9308333333333327
351,16.2,Summer,1.0,12,28,0,8,1.69,1.84,1.43125
87,8.4,Winter,3.0,2,7,5,1,1.12,0.51,1.649166666666667
130,29.8,Winter,3.0,8,15,2,3,0.78,0.37,1.6941666666666666
387,19.7,Winter,5.0,17,22,2,2,0.45,0.41,1.3770833333333332
338,39.4,Summer,2.0,8,15,5,7,1.75,0.75,1.5058333333333334
236,5.0,Summer,1.0,5,6,6,8,1.07,1.08,1.4866666666666666
44,6.1,Summer,5.0,1,16,5,9,0.4,1.5,1.0979166666666669
229,25.6,Fall,2.0,15,21,1,11,1.06,0.55,1.4279166666666667
359,25.5,Summer,1.0,3,18,0,9,0.6,0.86,1.9808333333333328
161,-8.3,Spring,5.0,0,3,2,5,1.96,0.52,1.4229166666666666
449,7.8,Fall,2.0,1,29,6,10,0.35,1.71,1.57875
6,8.3,Fall,4.0,6,18,0,12,0.71,1.27,1.997083333333333
174,14.5,Spring,4.0,22,2,1,5,1.61,1.72,1.2445833333333334
496,32.3,Spring,1.0,4,3,5,6,0.85,1.42,1.2575
447,-3.0,Winter,4.0,3,3,4,2,1.6,1.25,1.8033333333333332
153,12.9,Spring,4.0,9,11,6,6,0.64,1.11,1.0516666666666663
448,-1.4,Fall,4.0,4,21,5,10,1.07,0.84,1.507083333333333
478,0.8,Winter,4.0,12,19,6,2,1.4,0.86,1.4262499999999998
184,27.8,Winter,1.0,13,3,4,3,0.96,1.61,1.2608333333333333
9,-4.5,Fall,1.0,2,19,1,12,0.8,1.65,1.5200000000000002
21,9.0,Summer,3.0,21,8,5,7,0.9,1.74,1.4979166666666666
298,15.8,Spring,1.0,16,3,0,4,0.33,1.83,1.31625
342,18.8,Summer,5.0,18,1,4,9,1.77,1.69,1.4079166666666667
7,27.0,Summer,1.0,2,3,0,7,1.31,0.39,1.1820833333333332
122,-4.3,Spring,1.0,23,18,3,5,1.87,0.64,1.0604166666666668
264,6.5,Fall,3.0,1,22,2,11,0.51,0.84,1.45875
14,-5.4,Spring,4.0,11,17,2,5,1.82,0.72,1.9025
454,37.2,Summer,3.0,12,15,1,8,0.73,0.98,1.7025
390,3.1,Summer,4.0,3,8,1,8,0.9,1.86,1.895
112,22.5,Fall,3.0,7,6,4,10,1.73,1.06,1.237083333333333
343,15.5,Summer,5.0,10,26,2,7,0.71,0.35,1.4254166666666668
150,34.8,Spring,4.0,22,4,1,4,0.72,1.96,1.5345833333333332
478,-8.1,Winter,4.0,0,10,1,1,0.98,0.4,1.6170833333333334
371,23.5,Winter,5.0,6,8,2,3,0.77,0.74,1.2870833333333334
35,27.8,Summer,1.0,15,20,6,8,0.33,1.51,1.6041666666666667
265,23.3,Summer,1.0,15,25,4,8,0.27,0.77,1.5258333333333332
40,10.5,Fall,3.0,0,8,2,11,1.17,1.56,1.785
111,39.5,Winter,1.0,14,4,5,3,1.44,1.31,1.2766666666666666
334,18.6,Winter,5.0,1,20,0,3,1.26,0.21,1.481666666666667
415,-3.3,Winter,4.0,17,28,1,3,0.56,1.33,1.5520833333333333
110,20.5,Winter,1.0,21,12,6,2,1.46,0.25,1.4804166666666667
317,21.7,Spring,2.0,13,13,1,6,1.32,1.82,1.41375
263,19.9,Summer,1.0,21,11,4,8,1.71,1.87,1.4979166666666668
264,25.3,Fall,1.0,6,24,1,10,1.11,1.08,1.5016666666666667
171,29.9,Summer,5.0,2,2,6,7,1.04,1.33,1.1
307,30.0,Fall,4.0,22,29,4,12,0.67,1.47,1.4579166666666667
307,-9.5,Winter,5.0,5,21,5,1,1.96,1.51,1.25625
45,39.4,Spring,1.0,13,30,4,6,0.41,1.81,1.3929166666666666
83,13.1,Summer,2.0,10,16,6,7,0.77,1.78,1.3358333333333334
343,22.0,Summer,3.0,2,20,3,7,0.88,0.68,1.336666666666667
424,13.7,Fall,4.0,2,23,0,10,1.89,0.51,1.8383333333333327
202,30.0,Summer,5.0,10,25,4,8,0.56,1.12,1.3320833333333333
368,7.0,Spring,1.0,7,4,3,5,1.72,0.29,1.5691666666666668
258,0.9,Fall,1.0,13,2,5,12,0.33,1.84,1.4720833333333332
359,33.8,Spring,2.0,10,28,2,6,0.37,1.21,1.5420833333333333
57,6.2,Summer,2.0,1,19,1,9,1.58,0.95,1.4845833333333334
399,0.8,Winter,3.0,6,2,3,2,1.32,1.87,1.6454166666666667
414,12.2,Summer,4.0,13,21,4,7,1.35,0.96,1.1829166666666666
134,28.8,Fall,4.0,18,14,1,11,0.6,1.2,1.2983333333333331
164,-9.6,Winter,5.0,22,1,0,1,1.48,1.34,1.069583333333333
499,3.6,Spring,4.0,3,23,1,5,0.65,0.6,1.33125
155,20.4,Spring,5.0,1,15,5,4,0.74,0.88,1.4841666666666666
487,-8.2,Summer,2.0,3,22,4,9,1.52,0.84,1.9008333333333336
214,32.9,Spring,4.0,6,5,4,5,0.39,1.33,1.4820833333333334
370,-0.0,Summer,1.0,18,9,2,8,0.78,1.73,1.155
424,10.0,Summer,2.0,21,22,1,8,1.18,1.62,1.5304166666666663
386,12.4,Fall,4.0,9,4,5,11,1.25,1.43,1.502916666666667
321,-5.5,Summer,5.0,14,17,3,8,1.64,0.61,1.9216666666666664
445,-7.5,Winter,1.0,2,31,4,3,0.23,1.5,1.6245833333333335
242,31.9,Spring,2.0,14,12,2,4,1.97,1.68,1.5837500000000002
288,35.8,Summer,2.0,17,29,5,7,0.32,1.97,1.1929166666666668
103,23.1,Summer,3.0,15,25,1,7,1.59,0.37,1.555416666666667
232,-9.5,Spring,1.0,21,24,2,5,1.84,0.76,1.8304166666666664
275,31.2,Spring,4.0,1,3,0,4,1.72,1.66,1.4145833333333335
238,9.1,Spring,5.0,22,23,6,4,1.81,0.88,1.58
235,24.6,Fall,5.0,2,8,6,10,0.39,1.06,1.0758333333333332
353,2.8,Fall,3.0,7,1,4,12,0.77,1.09,1.4095833333333332
361,25.3,Fall,5.0,6,17,1,10,0.72,1.05,1.612083333333333
46,-0.1,Summer,5.0,5,30,6,7,1.13,0.52,1.905
241,22.4,Spring,5.0,4,23,1,5,1.44,0.31,1.42125
267,35.5,Winter,3.0,16,25,2,1,0.26,1.96,1.5729166666666667
151,21.6,Summer,2.0,2,27,2,9,0.39,0.68,1.5512499999999998
359,24.3,Spring,3.0,6,12,4,5,1.61,1.32,1.1170833333333334
427,11.8,Fall,3.0,20,19,1,12,1.09,1.16,1.6850000000000005
204,0.2,Summer,4.0,6,18,1,7,0.6,0.88,1.2466666666666668
47,28.7,Spring,2.0,8,30,1,5,0.24,1.3,1.18875
117,39.6,Winter,4.0,1,26,3,1,0.96,0.78,1.495
143,2.2,Spring,3.0,3,28,4,4,0.92,1.81,1.518333333333333
114,-7.5,Fall,2.0,22,23,5,12,0.28,0.47,1.3970833333333337
100,3.5,Spring,1.0,5,24,0,4,1.99,1.55,1.7170833333333333
145,15.6,Winter,5.0,0,11,5,3,0.48,1.53,1.33375
426,14.7,Winter,4.0,21,20,0,2,0.24,0.8,1.3795833333333334
368,-4.8,Spring,1.0,0,28,4,4,1.17,0.36,1.507083333333333
373,31.1,Spring,4.0,1,18,6,6,0.5,1.99,1.26375
199,10.1,Spring,5.0,2,29,0,5,0.65,0.79,1.5841666666666665
237,6.8,Spring,3.0,12,6,1,6,0.37,0.77,1.3895833333333334
142,14.2,Winter,3.0,4,13,4,1,0.44,1.96,1.79
114,24.9,Summer,3.0,5,4,0,9,1.81,1.25,2.0829166666666667
353,16.5,Fall,2.0,0,13,0,11,1.6,0.64,1.0820833333333335
226,28.7,Spring,3.0,1,28,2,6,0.33,1.51,0.9504166666666668
321,19.7,Spring,3.0,6,8,3,6,1.92,1.07,1.7108333333333332
297,-9.1,Spring,2.0,6,20,5,5,1.14,0.86,1.6045833333333333
287,31.0,Summer,5.0,18,10,3,8,1.99,0.39,1.3433333333333335
60,31.6,Summer,1.0,0,27,3,7,1.77,0.34,1.1629166666666666
145,24.3,Winter,1.0,6,6,4,1,0.73,0.26,1.4641666666666666
335,13.6,Spring,4.0,20,29,3,6,1.19,0.94,1.7954166666666669
49,36.2,Fall,1.0,11,30,5,12,1.34,1.37,1.5025000000000002
258,31.6,Winter,2.0,5,20,0,2,0.84,1.03,1.34
154,22.9,Fall,4.0,7,20,4,10,0.27,1.13,1.5075
446,24.4,Fall,1.0,16,10,6,12,0.21,1.82,1.4458333333333335
434,-7.3,Winter,4.0,17,21,1,3,1.44,1.05,1.4620833333333332
400,21.2,Spring,2.0,19,29,3,6,1.61,1.33,1.91375
10,28.2,Summer,4.0,21,17,0,7,0.42,0.53,1.0141666666666669
307,-4.9,Spring,5.0,10,31,2,5,1.74,1.63,1.7974999999999997
215,35.6,Fall,5.0,3,2,5,12,0.47,0.7,1.2254166666666666
22,5.5,Winter,1.0,9,26,6,2,0.65,0.93,1.4725
13,36.5,Summer,2.0,8,3,6,9,0.34,1.62,1.5204166666666667
450,25.4,Fall,5.0,23,24,1,10,1.22,1.31,1.5158333333333334
33,31.7,Winter,3.0,18,27,0,2,1.5,0.91,1.0454166666666669
18,-7.2,Winter,2.0,19,1,2,2,0.52,0.74,1.285
309,26.6,Summer,4.0,2,30,6,7,0.83,1.92,1.6879166666666665
493,-8.1,Summer,3.0,21,9,2,8,1.75,1.17,1.4325
144,15.5,Spring,4.0,12,14,4,4,1.91,1.56,1.40125
470,23.6,Winter,5.0,18,13,4,1,0.53,0.99,1.6395833333333334
179,-4.6,Fall,3.0,3,18,2,10,0.84,1.12,1.47375
95,36.7,Spring,2.0,14,9,1,5,1.03,0.39,1.4404166666666665
8,-2.9,Spring,1.0,8,31,2,5,0.86,1.25,1.74125
474,26.9,Summer,3.0,10,4,0,9,1.25,1.48,1.6725
149,25.5,Summer,1.0,8,25,1,7,1.45,0.88,1.5895833333333331
496,18.5,Summer,5.0,18,2,2,8,1.14,1.36,1.632083333333333
457,4.8,Winter,5.0,20,27,0,3,1.69,1.87,1.4358333333333333
173,36.7,Spring,5.0,6,24,5,6,1.75,1.55,1.4854166666666666
447,2.5,Spring,5.0,14,27,3,4,1.8,1.68,1.8133333333333332
391,15.0,Winter,1.0,15,15,2,3,1.42,1.71,1.51625
124,-6.3,Spring,2.0,23,2,6,4,1.99,0.86,1.7612499999999998
442,8.5,Winter,4.0,14,1,2,3,0.55,0.36,1.1470833333333332
24,34.6,Winter,1.0,11,8,6,1,0.59,0.57,1.6358333333333333
99,12.6,Spring,4.0,3,2,1,5,1.01,1.66,1.2920833333333337
110,31.1,Winter,5.0,18,11,2,1,0.51,1.49,1.56375
75,35.4,Spring,5.0,4,12,0,6,0.57,0.98,1.1158333333333332
343,27.1,Fall,4.0,12,13,2,12,0.33,1.58,1.0833333333333333
330,25.7,Spring,3.0,15,29,0,5,0.74,1.56,2.0033333333333334
148,6.7,Fall,1.0,17,3,6,12,1.37,1.01,1.53
225,31.9,Winter,5.0,10,16,3,3,1.58,0.86,1.0645833333333334
9,7.2,Spring,3.0,18,15,3,6,0.73,0.57,1.3016666666666663
364,19.9,Spring,5.0,8,7,4,4,0.98,1.96,1.7404166666666665
21,22.9,Spring,1.0,7,17,2,5,1.13,0.85,1.6224999999999998
317,5.2,Fall,1.0,3,23,5,12,0.59,1.71,1.44125
427,29.4,Summer,2.0,22,14,4,7,0.77,0.9,1.3491666666666664
268,1.8,Summer,2.0,20,7,0,8,0.37,0.41,1.5795833333333331
365,16.9,Winter,3.0,14,17,4,2,0.8,1.78,1.41375
459,14.6,Summer,1.0,20,10,6,9,1.55,1.21,1.382083333333333
51,30.6,Summer,2.0,2,27,3,7,0.52,1.36,1.3037500000000002
263,19.5,Spring,4.0,9,22,0,5,0.58,1.82,1.3895833333333334
185,3.2,Fall,4.0,10,21,1,11,0.47,0.39,1.2095833333333332
446,28.9,Winter,5.0,14,31,4,3,1.66,0.55,1.4066666666666665
322,4.8,Winter,5.0,10,2,3,2,1.32,1.96,1.58125
222,38.8,Spring,2.0,14,22,3,6,0.99,0.65,1.2816666666666667
235,-9.5,Spring,2.0,23,3,5,6,1.07,0.24,1.77125
425,23.6,Summer,2.0,12,25,4,8,0.22,0.93,1.3445833333333337
333,6.1,Spring,1.0,2,23,6,4,1.33,0.44,1.1704166666666669
13,-2.4,Spring,2.0,14,2,1,5,0.39,1.4,1.4470833333333333
454,11.4,Fall,1.0,12,20,0,11,1.07,0.6,1.60625
286,19.6,Spring,5.0,23,13,3,4,0.48,0.88,0.9795833333333334
492,21.4,Fall,1.0,1,24,6,12,1.66,0.78,1.0137500000000002
481,34.7,Winter,3.0,6,8,6,1,1.98,1.32,1.81875
456,2.4,Winter,1.0,9,27,4,1,0.32,1.55,1.7016666666666664
491,34.1,Summer,2.0,9,1,4,9,1.22,1.7,1.3808333333333334
233,19.9,Summer,5.0,16,20,6,8,1.36,1.89,1.5629166666666665
241,33.1,Fall,1.0,3,31,6,12,1.38,1.21,1.2666666666666666
231,-0.2,Spring,3.0,0,17,5,6,0.75,0.7,1.403333333333333
45,33.1,Spring,5.0,4,25,6,6,0.94,0.78,1.7166666666666668
397,30.1,Winter,4.0,21,18,5,2,0.31,1.5,1.81
105,20.0,Winter,2.0,3,8,2,2,0.25,0.27,1.4408333333333332
405,37.2,Summer,4.0,14,29,5,7,1.56,1.8,1.25375
463,16.1,Spring,3.0,2,28,2,6,0.39,1.68,1.0491666666666666
32,-7.2,Spring,5.0,13,4,3,5,0.34,1.12,1.4220833333333334
234,-8.0,Fall,2.0,19,2,3,11,0.56,0.54,1.3970833333333337
178,2.4,Spring,1.0,11,19,2,4,1.51,0.68,1.8791666666666669
74,19.2,Winter,4.0,1,6,0,2,0.37,0.54,1.6195833333333332
263,35.2,Winter,4.0,17,25,5,2,1.75,1.24,1.6766666666666667
165,22.7,Spring,3.0,6,1,5,4,0.85,0.56,1.98375
280,10.9,Fall,3.0,12,11,5,11,1.2,0.6,1.268333333333333
418,32.4,Fall,3.0,1,13,0,11,1.08,1.08,1.155
375,-4.5,Fall,3.0,13,3,4,11,1.31,1.58,1.5366666666666668
378,19.6,Fall,2.0,16,22,2,11,0.92,0.72,1.6825
274,22.7,Spring,5.0,23,3,0,4,1.16,1.67,1.3262500000000002
176,22.2,Summer,5.0,1,7,3,9,1.94,1.81,1.7320833333333334
440,-4.9,Summer,3.0,7,16,6,7,0.68,0.32,1.4087499999999995
92,38.0,Winter,5.0,2,29,2,3,0.82,1.6,1.1154166666666667
431,10.3,Winter,4.0,21,2,3,2,0.54,0.39,1.0337500000000002
300,7.5,Summer,4.0,15,14,0,8,0.45,1.1,1.32875
127,39.4,Summer,4.0,5,7,0,8,0.87,0.86,1.29
375,16.6,Winter,3.0,23,7,5,1,1.76,0.82,1.5904166666666664
308,31.0,Fall,4.0,7,3,1,10,1.62,0.85,1.57625
156,14.0,Summer,4.0,18,16,6,7,1.94,1.23,1.012916666666667
302,1.7,Fall,4.0,9,31,6,12,1.54,1.39,1.0220833333333332
172,3.9,Spring,4.0,19,8,5,4,0.88,1.18,1.5200000000000002
311,-2.9,Fall,3.0,16,5,3,10,0.27,0.91,1.71125
301,37.7,Spring,3.0,7,28,4,4,1.34,1.99,1.3425
284,-0.6,Fall,3.0,14,27,4,10,0.2,1.61,1.336666666666667
130,31.6,Summer,4.0,7,3,0,7,1.64,0.37,1.2520833333333334
114,15.6,Fall,4.0,21,3,4,11,1.21,1.39,1.9075
483,35.5,Summer,1.0,6,28,3,9,1.28,1.37,1.687083333333333
339,9.4,Spring,5.0,10,22,3,6,0.52,1.6,0.98125
105,9.5,Fall,1.0,14,19,1,12,1.17,1.96,1.56125
14,13.6,Winter,1.0,16,22,2,2,1.0,0.55,1.6529166666666668
462,-2.2,Fall,1.0,19,18,2,10,1.02,1.05,1.465833333333333
270,19.3,Spring,5.0,4,24,2,5,1.93,1.42,1.8966666666666665
22,-5.0,Fall,1.0,19,27,4,10,0.6,0.7,0.985
55,29.2,Winter,2.0,7,14,1,2,0.75,0.28,1.4925
157,25.2,Winter,5.0,10,10,1,1,1.12,1.91,1.2229166666666669
213,32.3,Fall,2.0,21,27,0,11,1.87,1.78,1.23625
313,2.6,Winter,4.0,14,20,0,3,0.24,0.57,2.029583333333333
248,30.7,Fall,1.0,17,29,4,12,1.12,1.62,1.4254166666666668
296,26.1,Summer,4.0,4,6,2,9,0.54,0.34,1.2866666666666668
180,3.2,Winter,2.0,23,14,1,2,1.5,1.96,1.1725
489,-0.0,Winter,2.0,2,12,3,1,0.84,0.89,1.7204166666666667
179,22.2,Spring,1.0,11,15,0,5,1.07,1.03,1.3883333333333334
330,34.6,Summer,3.0,5,10,0,7,0.55,0.82,1.1925
334,18.3,Summer,3.0,12,7,3,9,0.31,0.51,1.3245833333333334
347,-4.1,Winter,3.0,17,27,0,3,1.84,1.43,1.5795833333333336
114,23.4,Fall,4.0,6,11,5,11,0.3,0.92,1.93875
70,19.0,Fall,5.0,22,30,5,12,1.86,1.7,1.4179166666666667
244,0.5,Spring,5.0,17,2,1,5,0.21,1.78,1.06625
224,-3.1,Fall,1.0,19,12,1,12,1.8,1.7,1.2845833333333334
42,22.2,Spring,5.0,2,25,1,4,1.53,0.71,1.4395833333333334
90,17.8,Fall,5.0,20,13,0,11,1.5,0.85,1.81125
154,38.8,Summer,1.0,13,10,3,8,1.62,0.87,1.4141666666666666
365,26.8,Summer,2.0,12,31,0,7,1.55,1.09,1.4991666666666663
4,14.5,Summer,5.0,16,10,6,9,0.87,0.2,1.3433333333333335
322,24.7,Fall,2.0,3,2,0,10,1.85,1.28,1.2604166666666667
36,22.7,Fall,2.0,18,8,2,11,0.64,0.68,1.7162499999999998
297,7.8,Summer,2.0,5,24,3,8,1.57,0.33,1.50375
408,17.9,Fall,1.0,23,8,4,12,1.04,1.75,1.35625
147,10.6,Spring,2.0,14,24,2,5,1.43,1.74,1.4558333333333335
268,13.8,Fall,2.0,18,14,5,10,0.97,0.7,1.4400000000000002
457,28.7,Winter,3.0,7,3,4,2,1.61,1.13,1.6987499999999998
230,27.7,Fall,4.0,6,28,5,10,1.49,0.36,1.3441666666666665
231,32.9,Spring,4.0,18,21,2,6,1.44,0.38,1.680416666666667
307,-2.9,Summer,5.0,19,5,5,8,0.58,1.46,1.4266666666666667
499,-8.9,Spring,1.0,23,28,6,5,0.54,1.58,1.7712500000000002
114,22.7,Fall,5.0,17,10,6,12,0.43,1.48,1.4420833333333334
142,-1.7,Spring,3.0,10,8,3,6,1.73,1.9,1.6000000000000003
319,3.3,Spring,1.0,19,13,1,6,0.21,1.05,1.40125
139,25.4,Winter,4.0,6,2,3,2,1.6,1.55,1.600833333333333
81,32.3,Fall,2.0,23,11,0,12,0.66,1.03,1.2654166666666666
407,17.4,Fall,4.0,13,29,2,11,1.01,1.4,1.4999999999999998
388,32.6,Spring,1.0,21,2,6,4,1.53,1.46,1.7520833333333334
68,12.1,Summer,3.0,7,29,5,7,1.09,0.54,1.4387499999999998
277,22.3,Summer,2.0,22,15,1,8,1.41,1.71,1.4545833333333331
226,-2.7,Fall,3.0,2,4,5,11,0.68,1.54,1.5091666666666663
240,24.4,Winter,4.0,20,23,0,1,1.16,1.09,1.8491666666666664
352,2.5,Summer,1.0,1,17,6,9,0.95,0.95,1.6058333333333332
131,38.2,Summer,5.0,14,16,5,9,1.51,0.31,1.3470833333333332
399,29.5,Fall,3.0,11,20,0,11,1.62,1.61,1.6191666666666666
32,17.5,Spring,2.0,21,15,5,4,1.36,1.49,1.5708333333333335
77,11.0,Fall,1.0,15,27,0,11,0.7,0.51,1.2170833333333333
208,27.3,Fall,4.0,8,27,4,10,1.94,1.25,1.3491666666666668
129,30.5,Summer,2.0,20,29,5,7,1.36,0.96,1.0245833333333334
103,9.6,Winter,4.0,8,14,5,1,1.3,0.85,1.2925
421,31.7,Winter,5.0,6,2,3,2,1.77,1.81,1.5933333333333335
332,23.1,Winter,2.0,7,16,3,3,0.92,0.62,1.375
434,39.0,Fall,3.0,9,28,3,12,1.79,1.0,1.2454166666666666
492,-2.7,Winter,2.0,20,10,4,2,0.78,0.37,1.602083333333333
431,-0.9,Fall,1.0,10,21,3,12,1.69,1.13,1.5125
43,4.9,Fall,5.0,16,25,2,10,1.66,1.5,1.3370833333333334
494,1.6,Summer,1.0,4,26,2,7,1.24,1.35,1.6866666666666663
426,9.7,Fall,5.0,19,22,2,11,0.34,1.24,1.8675
36,0.5,Winter,1.0,23,6,4,1,1.22,1.55,1.6083333333333334
442,-8.8,Summer,3.0,23,2,6,7,1.63,0.33,1.1358333333333333
28,0.5,Fall,2.0,9,3,6,12,1.42,1.31,1.745
35,9.1,Summer,1.0,5,14,4,7,0.61,0.5,1.2225
386,37.0,Winter,5.0,14,23,3,3,0.77,1.08,1.4729166666666669
495,-1.7,Fall,3.0,17,24,1,10,1.07,0.75,1.3954166666666667
126,-1.9,Winter,3.0,22,18,5,2,0.32,0.94,1.8183333333333331
309,14.9,Summer,2.0,14,28,0,8,1.84,0.2,1.4662500000000005
281,31.0,Spring,2.0,9,11,6,6,0.37,1.57,1.127916666666667
430,-2.8,Fall,3.0,6,19,6,11,0.4,1.5,1.4895833333333333
172,-2.6,Spring,2.0,0,9,4,6,1.73,1.84,1.5116666666666667
297,34.0,Fall,4.0,8,14,5,10,0.85,0.73,1.5212500000000002
410,-3.5,Fall,5.0,23,21,3,12,0.37,0.47,1.6075
225,-4.1,Spring,2.0,21,22,5,4,1.52,1.1,1.4308333333333334
236,39.3,Winter,4.0,17,5,6,3,1.26,1.1,1.44125
482,34.3,Fall,4.0,9,12,6,11,1.7,0.97,1.2520833333333332
85,-4.8,Winter,3.0,2,20,0,2,1.92,1.04,1.2020833333333334
474,4.9,Fall,5.0,21,18,2,10,0.5,0.95,1.6304166666666668
311,15.8,Summer,1.0,14,27,6,8,0.38,0.75,1.6283333333333332
132,12.9,Summer,3.0,14,15,4,9,1.06,0.87,1.3262500000000002
327,34.8,Winter,3.0,5,2,3,2,0.54,0.32,1.5633333333333337
143,31.2,Winter,3.0,11,28,1,3,1.33,1.93,1.905
168,32.0,Spring,2.0,5,25,1,4,0.23,1.18,1.4908333333333337
193,20.9,Spring,5.0,8,7,2,6,1.39,0.84,1.829583333333333
54,37.2,Fall,1.0,18,19,1,12,1.71,0.64,1.5629166666666665
21,10.6,Spring,1.0,12,9,6,4,1.4,1.29,1.5495833333333335
259,31.2,Fall,5.0,4,30,3,11,1.59,0.23,1.2695833333333335
476,19.5,Spring,1.0,2,17,5,6,1.99,0.37,1.4795833333333333
355,0.1,Winter,3.0,8,31,4,3,0.86,0.75,1.4295833333333334
199,26.2,Fall,5.0,17,2,3,11,0.46,1.11,1.518333333333333
113,3.6,Fall,1.0,5,29,4,12,0.51,1.44,1.39375
296,26.9,Summer,3.0,11,3,3,8,1.21,0.83,1.4454166666666666
434,4.3,Winter,2.0,12,31,1,1,0.53,0.77,1.2408333333333337
198,35.9,Fall,2.0,17,12,6,11,0.4,1.17,1.3708333333333331
140,38.0,Fall,4.0,0,26,1,12,0.6,0.28,1.1870833333333333
483,25.6,Winter,5.0,6,16,3,3,1.9,0.97,1.5529166666666665
444,18.0,Spring,5.0,4,21,2,6,0.6,0.92,1.91125
309,37.3,Fall,3.0,18,18,0,12,0.88,1.07,1.2704166666666663
87,21.6,Spring,3.0,16,28,4,4,0.56,1.27,1.9954166666666664
280,22.2,Summer,2.0,19,3,6,9,0.33,1.99,1.445833333333333
428,26.7,Winter,3.0,17,26,6,3,0.51,0.87,1.3541666666666667
263,29.5,Summer,5.0,19,1,4,9,1.99,0.63,1.58875
284,-1.1,Winter,3.0,2,7,1,2,1.75,1.69,1.5691666666666668
18,3.6,Summer,3.0,1,30,6,7,1.2,1.25,1.5075
101,-6.8,Summer,5.0,12,11,4,8,0.77,0.9,1.8391666666666664
369,-3.4,Spring,1.0,9,20,3,4,0.31,0.53,1.7945833333333334
326,34.0,Winter,1.0,10,31,1,1,0.58,1.22,1.3887500000000002
480,38.9,Spring,5.0,16,15,0,5,1.37,1.69,1.5733333333333333
310,-3.5,Fall,2.0,22,2,0,10,0.74,0.33,1.1175
423,-0.1,Spring,3.0,12,25,6,6,1.36,0.82,1.5020833333333334
29,-5.0,Winter,3.0,3,9,3,2,1.99,1.07,1.5416666666666667
147,-2.9,Fall,4.0,20,18,2,10,1.31,1.28,1.6537499999999998
157,18.4,Spring,1.0,12,9,4,6,1.39,1.36,1.4225
144,-7.4,Winter,1.0,7,22,2,2,0.28,0.53,1.685833333333333
137,6.8,Winter,4.0,16,24,4,2,0.78,1.86,1.37625
127,-7.7,Fall,3.0,0,9,5,12,1.02,1.73,1.27125
196,5.1,Winter,4.0,1,16,3,3,1.79,1.7,2.0583333333333336
360,-8.2,Winter,5.0,11,26,3,1,1.05,1.12,1.2420833333333334
193,12.0,Summer,3.0,8,8,1,8,0.81,1.61,1.737083333333333
264,26.9,Winter,2.0,16,10,4,2,0.28,0.59,1.3208333333333333
1,14.9,Summer,5.0,4,20,2,9,0.45,1.03,1.4533333333333331
107,-8.0,Spring,3.0,10,31,2,5,0.57,1.68,1.665
163,-0.0,Winter,2.0,22,17,4,2,1.24,1.42,1.3833333333333335
74,14.9,Summer,2.0,14,15,4,9,1.03,1.55,1.3066666666666666
477,-5.0,Fall,5.0,12,2,3,11,1.94,1.86,1.7829166666666667
352,16.1,Fall,3.0,23,22,2,11,1.01,0.38,1.83875
385,37.0,Fall,3.0,17,22,4,12,1.82,0.8,1.299583333333333
430,13.8,Fall,3.0,19,28,5,10,1.65,1.01,1.1841666666666668
392,1.9,Fall,5.0,8,19,1,12,0.45,0.53,1.5945833333333332
372,19.1,Summer,4.0,14,30,6,7,0.7,0.63,1.1975
431,-0.0,Fall,3.0,4,23,0,10,0.53,1.8,1.7474999999999998
461,-2.7,Summer,1.0,3,13,2,9,0.57,0.51,1.5316666666666665
454,6.3,Winter,1.0,20,13,0,3,0.86,1.42,1.9341666666666668
282,8.9,Fall,3.0,23,27,2,12,1.39,0.57,1.3070833333333332
108,1.9,Fall,4.0,10,7,1,11,1.24,0.56,1.7245833333333334
76,18.2,Spring,2.0,6,4,6,6,1.9,0.36,1.9641666666666664
148,-9.4,Fall,1.0,22,13,4,10,1.49,0.4,1.4349999999999998
114,10.0,Winter,5.0,23,12,6,2,0.47,0.26,1.42375
126,29.5,Spring,5.0,9,25,1,4,0.45,1.33,1.3270833333333334
210,5.4,Winter,1.0,23,5,3,1,0.64,1.81,1.9270833333333333
243,38.5,Winter,5.0,4,25,2,1,1.09,1.2,1.1954166666666668
303,28.6,Spring,1.0,9,4,3,5,1.99,1.27,1.4204166666666669
387,20.0,Fall,4.0,13,24,6,12,0.62,1.69,1.2433333333333334
485,25.1,Spring,1.0,0,21,2,6,1.18,1.99,1.92
164,38.3,Fall,2.0,21,20,4,10,1.08,1.36,1.20625
174,4.1,Fall,5.0,22,18,2,10,1.73,1.36,1.7054166666666666
62,25.4,Fall,1.0,14,22,2,11,1.78,0.24,1.54375
373,39.5,Summer,1.0,0,9,5,9,0.78,1.07,1.8275
94,37.5,Summer,2.0,23,8,4,9,1.26,1.87,1.711666666666667
97,1.5,Fall,4.0,19,2,0,10,1.72,1.4,1.132083333333333
5,13.9,Summer,5.0,3,22,1,8,0.4,0.46,1.3404166666666668
434,13.4,Fall,1.0,23,5,1,12,1.82,0.77,1.1495833333333334
446,1.8,Winter,1.0,11,21,1,3,0.43,1.91,1.5137500000000002
240,39.5,Fall,5.0,5,1,6,10,0.25,0.39,1.330833333333333
92,15.4,Summer,3.0,9,29,5,7,0.49,0.22,1.5870833333333332
252,8.1,Fall,2.0,6,30,0,10,0.38,1.29,1.2725
415,13.7,Summer,1.0,19,16,2,8,1.89,0.22,1.4549999999999998
361,39.8,Fall,5.0,6,16,5,12,0.58,0.5,1.49125
382,6.6,Fall,1.0,18,18,2,10,1.26,0.74,1.725833333333333
315,39.1,Fall,2.0,7,27,4,10,0.58,1.54,1.3275
44,4.0,Summer,3.0,11,7,3,9,0.29,1.87,1.4145833333333335
229,39.2,Spring,3.0,9,29,5,4,0.5,0.23,1.71
97,22.3,Fall,5.0,21,11,0,12,1.09,0.46,1.3641666666666667
287,22.0,Summer,4.0,5,17,3,8,0.43,1.33,1.2083333333333333
340,23.7,Fall,2.0,10,28,1,11,0.67,1.43,1.36625
33,3.9,Fall,4.0,13,27,4,10,0.39,0.96,1.3804166666666664
131,3.5,Winter,2.0,0,1,2,3,1.31,0.65,1.5929166666666668
430,11.2,Spring,2.0,11,26,2,4,0.85,1.33,1.1849999999999998
119,35.9,Summer,4.0,3,15,4,9,0.37,1.4,1.3795833333333334
99,15.8,Summer,2.0,7,23,5,9,0.65,1.4,1.60875
156,-8.9,Spring,1.0,4,6,5,5,0.88,1.48,1.3358333333333334
475,30.8,Summer,2.0,4,5,1,9,1.62,0.62,1.6733333333333336
231,22.4,Summer,2.0,21,20,6,8,0.49,0.62,1.491666666666667
28,33.2,Fall,1.0,14,9,3,11,1.08,1.48,2.161666666666666
85,9.6,Spring,3.0,7,24,5,6,0.96,0.67,1.4858333333333331
88,27.3,Spring,3.0,4,23,6,4,1.94,0.67,1.30375
485,-0.9,Spring,4.0,21,23,6,4,0.36,1.31,1.3329166666666663
457,17.5,Summer,2.0,21,24,3,8,0.81,1.28,1.5270833333333331
307,8.0,Summer,3.0,17,7,3,9,1.06,1.25,1.0220833333333337
50,23.8,Summer,1.0,15,8,4,9,1.44,1.46,1.5120833333333332
450,4.1,Summer,5.0,18,15,1,8,1.05,1.76,1.4808333333333332
438,2.3,Fall,1.0,8,30,5,12,1.06,0.73,1.5645833333333332
157,9.3,Summer,4.0,16,16,2,8,1.51,1.67,1.6741666666666666
415,32.6,Summer,5.0,0,27,2,9,0.7,0.88,1.4570833333333333
67,23.2,Summer,4.0,17,3,6,9,1.96,1.77,1.5395833333333335
153,11.1,Fall,4.0,16,2,0,10,0.59,1.5,1.1191666666666666
330,30.0,Fall,5.0,8,23,0,10,0.36,1.9,1.1983333333333333
79,30.9,Summer,2.0,2,2,5,9,1.48,1.32,1.7441666666666666
241,29.1,Fall,5.0,9,20,0,11,1.25,0.49,1.5895833333333331
136,19.8,Fall,5.0,16,25,0,12,1.62,0.59,1.3329166666666663
409,17.5,Fall,1.0,12,22,4,12,1.8,1.05,1.2825
413,18.1,Fall,1.0,6,20,4,10,0.6,0.72,1.54375
113,33.9,Fall,2.0,17,13,2,12,1.49,1.85,1.687083333333333
108,29.4,Spring,4.0,22,23,1,5,1.89,1.61,1.5920833333333333
48,-6.4,Spring,3.0,4,26,2,4,1.79,1.67,1.3470833333333332
322,35.8,Summer,5.0,15,2,6,7,0.46,0.63,1.3966666666666667
194,26.7,Fall,3.0,5,12,1,12,0.55,1.15,1.7175000000000002
183,-8.2,Spring,5.0,6,11,1,4,1.42,0.27,1.5912499999999998
166,-5.9,Spring,3.0,11,1,0,5,1.03,1.34,1.768333333333333
493,13.7,Spring,3.0,15,14,4,4,1.59,1.14,1.37875
133,19.8,Fall,5.0,7,20,0,11,0.45,1.28,1.684583333333333
207,31.8,Summer,1.0,1,24,0,7,1.39,1.1,1.502916666666667
389,7.4,Summer,3.0,14,18,4,8,0.99,0.45,1.6891666666666667
325,-1.1,Fall,2.0,10,31,1,10,1.88,0.55,1.4908333333333337
368,4.0,Fall,2.0,8,17,6,12,1.13,0.33,1.6920833333333334
385,25.0,Summer,4.0,7,5,5,8,1.58,0.48,1.8012500000000002
9,36.8,Spring,2.0,5,5,2,4,1.4,1.62,1.0316666666666667
42,35.3,Summer,4.0,4,14,4,7,0.37,1.34,1.2804166666666668
298,-6.5,Spring,3.0,19,7,4,4,0.79,1.16,1.8383333333333336
47,19.0,Summer,3.0,1,7,0,8,0.47,1.21,1.2804166666666668
222,-5.2,Fall,4.0,9,25,2,10,1.61,1.87,1.69625
319,0.2,Spring,2.0,20,14,6,5,1.7,0.24,1.4983333333333333
443,37.5,Fall,3.0,19,14,3,12,0.75,0.21,1.3208333333333333
150,-1.5,Summer,4.0,13,14,3,9,1.51,1.09,1.6208333333333331
231,3.4,Winter,3.0,4,30,3,3,0.88,0.3,1.2566666666666666
60,-5.3,Fall,5.0,7,7,1,11,0.28,0.46,1.535
387,13.4,Winter,5.0,22,21,5,1,1.39,1.38,1.745
143,3.8,Summer,3.0,12,3,0,7,1.56,0.81,1.5291666666666668
295,39.2,Spring,1.0,8,13,3,4,1.49,0.79,1.37375
472,22.8,Summer,5.0,5,18,4,8,0.27,0.44,1.405
193,-7.2,Spring,4.0,17,13,5,5,1.01,0.77,1.4958333333333336
232,36.4,Spring,3.0,3,6,1,6,1.79,0.5,1.56625
135,27.9,Fall,3.0,13,14,5,10,0.72,0.83,1.5233333333333334
494,-5.7,Fall,4.0,21,29,6,10,0.52,1.6,1.29625
274,17.1,Summer,4.0,3,24,6,9,1.21,0.74,2.015
255,21.0,Spring,3.0,15,10,5,6,0.69,0.77,1.3491666666666668
75,17.7,Fall,1.0,21,11,2,10,1.4,1.9,1.48625
169,-4.2,Fall,2.0,14,2,5,12,0.79,0.67,1.6908333333333332
406,26.8,Summer,4.0,19,8,5,7,1.96,1.31,1.6116666666666666
158,6.9,Winter,1.0,19,10,4,2,1.96,1.23,1.3425
205,18.3,Winter,2.0,18,14,1,3,0.36,0.48,1.5845833333333337
434,33.8,Spring,2.0,17,23,1,5,1.79,1.71,1.7683333333333335
326,26.1,Spring,2.0,4,7,2,6,1.35,0.43,1.4325
135,32.3,Winter,4.0,9,15,2,3,0.89,0.87,1.5370833333333334
68,29.3,Spring,3.0,9,18,3,5,0.6,0.7,1.4420833333333334
125,37.7,Fall,2.0,8,12,1,12,0.5,1.2,1.5991666666666668
412,7.4,Summer,2.0,3,14,0,8,0.44,1.62,1.1583333333333334
186,-1.1,Summer,4.0,10,5,2,7,1.41,0.95,1.7291666666666667
397,19.7,Fall,3.0,3,13,0,11,1.03,1.44,1.18125
302,24.6,Spring,5.0,13,25,1,4,0.67,0.82,1.08375
64,6.2,Fall,3.0,9,21,3,12,1.75,1.55,1.5620833333333335
331,9.3,Spring,3.0,19,21,4,4,1.55,1.54,1.6291666666666669
335,39.1,Fall,5.0,21,7,1,11,1.91,1.47,1.41125
451,30.6,Spring,3.0,13,22,3,6,0.28,0.37,1.1975
99,0.3,Fall,4.0,11,10,1,10,0.55,0.55,1.1929166666666666
251,22.1,Spring,3.0,9,9,1,5,0.24,1.05,1.57125
178,-6.0,Fall,5.0,8,24,6,12,0.59,1.75,1.2125
346,36.4,Spring,1.0,23,1,0,5,0.64,1.53,1.5795833333333336
272,-1.5,Winter,1.0,7,22,6,1,1.85,0.27,1.5737499999999998
118,35.9,Spring,2.0,18,25,3,5,1.56,0.47,1.163333333333333
111,7.3,Fall,1.0,8,5,6,11,0.92,1.94,1.7758333333333336
64,3.5,Fall,5.0,12,14,5,10,1.05,0.55,1.5112499999999998
31,24.9,Winter,5.0,9,16,3,3,0.92,1.42,1.1004166666666666
315,7.2,Spring,5.0,6,2,6,4,1.4,0.73,1.6708333333333334
227,-3.4,Summer,3.0,17,16,6,7,0.34,1.04,0.9341666666666668
311,16.4,Summer,3.0,21,13,3,7,0.58,1.67,1.5329166666666667
93,-1.8,Spring,3.0,7,17,5,6,1.2,1.51,1.3554166666666667
66,20.9,Spring,2.0,9,21,6,5,0.33,0.51,1.4770833333333335
369,15.5,Fall,4.0,16,29,2,11,1.83,0.58,1.2899999999999998
156,11.7,Winter,2.0,16,9,3,2,0.92,1.59,1.5479166666666666
472,18.5,Winter,4.0,4,30,0,1,0.39,0.76,1.4791666666666667
108,37.1,Summer,2.0,11,11,1,7,1.21,1.41,1.3004166666666668
9,21.9,Winter,2.0,14,12,3,1,1.47,1.98,1.31625
500,15.0,Summer,5.0,6,3,0,7,0.77,1.7,1.1170833333333332
39,16.2,Winter,2.0,11,15,2,2,0.94,0.78,1.39375
482,25.6,Summer,5.0,22,29,4,9,1.84,0.41,1.4862499999999998
182,32.9,Fall,5.0,3,14,1,11,1.28,1.46,2.2020833333333334
473,-7.3,Winter,3.0,2,13,0,3,1.55,0.6,1.5016666666666667
25,2.5,Winter,4.0,9,23,3,2,0.65,1.52,1.2379166666666666
60,30.7,Winter,5.0,0,18,5,3,1.91,1.35,1.24
454,20.1,Fall,5.0,11,27,4,10,0.76,1.07,1.632083333333333
138,-2.5,Winter,3.0,18,14,1,3,1.88,1.76,1.6404166666666666
237,-5.0,Spring,5.0,18,16,6,4,1.14,0.48,1.86
347,31.9,Fall,1.0,9,1,6,10,0.29,1.44,1.4037499999999998
279,4.8,Summer,3.0,9,1,1,8,1.59,1.56,1.2508333333333332
93,8.5,Summer,1.0,6,19,2,7,1.1,1.2,1.1112499999999998
475,29.4,Summer,5.0,21,26,1,9,0.69,1.7,1.3079166666666666
262,10.3,Spring,5.0,10,26,2,4,1.62,0.29,1.2420833333333332
189,37.6,Summer,5.0,8,30,6,7,1.22,1.86,1.6954166666666668
338,38.1,Summer,4.0,10,3,6,9,0.65,0.82,1.35125
482,-3.0,Spring,5.0,20,4,1,4,1.88,1.91,1.5533333333333337
251,9.6,Fall,4.0,16,29,2,11,0.93,1.3,1.2758333333333334
82,34.2,Fall,4.0,14,2,5,12,0.34,1.73,1.4679166666666668
181,-3.5,Winter,2.0,10,16,0,1,1.06,1.06,1.8270833333333327
279,4.0,Fall,5.0,20,22,2,11,0.7,0.66,1.882083333333333
285,-2.7,Winter,4.0,14,7,5,1,0.89,0.89,1.5929166666666668
422,24.0,Summer,5.0,19,4,4,8,1.86,1.04,1.2875
317,5.3,Summer,4.0,7,15,5,7,0.33,0.25,1.4175000000000002
193,6.7,Winter,4.0,19,31,4,3,1.83,1.84,1.059583333333333
20,30.6,Winter,4.0,4,13,0,3,0.97,0.77,1.6125
279,-4.2,Winter,3.0,7,7,1,2,0.6,0.56,2.055416666666667
202,-1.9,Spring,4.0,18,17,2,5,1.83,1.61,1.38
427,19.4,Winter,4.0,19,12,6,2,0.28,1.96,1.48625
55,9.5,Fall,2.0,4,15,4,12,0.61,0.24,1.5179166666666666
207,-9.6,Spring,5.0,6,23,1,5,0.35,1.87,1.4625
133,23.7,Summer,5.0,19,17,0,7,0.96,1.34,1.15375
307,-5.7,Spring,5.0,14,8,3,6,1.72,0.7,1.6587499999999995
161,-6.2,Winter,3.0,21,3,4,3,1.51,1.6,1.105
309,8.4,Fall,4.0,21,10,4,11,0.3,0.46,1.7183333333333335
167,24.4,Spring,3.0,19,8,0,5,0.77,1.72,1.57875
187,4.2,Fall,5.0,18,4,5,11,1.34,1.88,1.2987499999999998
491,23.2,Winter,4.0,19,24,4,2,0.34,0.99,1.2241666666666666
493,37.3,Fall,4.0,5,1,2,11,1.88,0.6,1.200416666666667
154,13.5,Summer,3.0,4,3,0,7,1.74,0.92,1.09625
499,11.6,Summer,4.0,1,20,6,8,1.28,0.44,1.6954166666666666
81,28.7,Fall,5.0,6,5,6,11,1.91,1.45,1.68375
233,8.6,Summer,3.0,7,24,6,9,0.23,0.45,1.6362500000000002
82,9.3,Winter,4.0,4,25,5,3,0.97,1.63,1.89625
332,-1.7,Winter,3.0,19,1,0,1,0.44,1.06,1.405
21,10.5,Spring,2.0,8,27,5,5,0.53,0.75,1.5595833333333335
114,24.8,Fall,2.0,8,4,0,12,1.17,1.83,1.6970833333333333
207,37.2,Winter,1.0,22,20,0,2,1.71,1.24,1.325416666666667
221,29.0,Spring,1.0,9,28,2,6,1.18,0.96,1.66125
184,22.1,Fall,3.0,13,20,2,12,1.27,0.86,1.430416666666667
444,0.2,Winter,2.0,18,9,3,2,0.54,1.34,1.43875
60,31.6,Winter,3.0,12,3,4,2,1.21,0.94,1.3908333333333331
477,35.9,Fall,1.0,10,12,3,10,0.69,1.11,1.2404166666666667
80,23.4,Spring,3.0,19,9,1,5,0.68,1.35,1.2104166666666665
107,4.9,Winter,1.0,5,16,3,3,1.76,1.55,1.6758333333333333
325,37.0,Spring,5.0,3,5,4,5,1.05,0.39,1.1204166666666666
264,-3.7,Summer,5.0,23,27,2,9,0.58,1.75,1.2016666666666664
36,-8.4,Fall,5.0,5,25,5,11,0.35,1.62,1.495
277,8.3,Fall,4.0,22,13,0,11,0.83,0.3,2.0575
45,15.9,Summer,5.0,20,27,3,7,1.86,0.37,1.695
112,18.6,Spring,2.0,17,13,3,4,0.42,1.59,1.175
234,20.5,Summer,2.0,13,9,5,9,0.91,0.33,1.4754166666666668
202,-1.6,Summer,2.0,23,3,0,7,0.54,0.55,1.405
105,7.3,Summer,4.0,22,4,1,7,0.53,1.61,1.5225
131,36.0,Summer,1.0,0,9,5,9,1.4,0.54,1.8491666666666668
318,4.0,Fall,1.0,22,5,1,12,1.85,1.49,1.33
290,14.2,Fall,4.0,8,13,4,10,1.39,0.89,1.1041666666666667
299,19.6,Fall,3.0,10,16,5,12,0.34,0.47,1.487083333333333
212,19.1,Summer,3.0,6,23,6,7,1.36,0.6,1.5233333333333334
285,8.0,Winter,2.0,17,10,4,2,1.63,0.54,1.2054166666666666
317,-2.2,Winter,2.0,11,11,2,1,0.47,1.12,1.7416666666666665
77,21.1,Fall,4.0,6,18,0,12,0.88,0.22,2.1395833333333334
420,3.0,Spring,1.0,8,20,5,5,1.54,0.33,1.61125
208,20.9,Spring,5.0,16,2,6,4,0.33,0.77,1.9191666666666665
11,34.1,Summer,3.0,13,18,0,9,1.61,0.53,1.5375
111,22.3,Summer,5.0,3,23,5,9,1.05,0.46,1.35625
468,11.3,Fall,2.0,7,31,6,12,1.61,0.44,1.2454166666666666
47,-8.0,Summer,3.0,11,6,2,9,0.33,0.65,1.5304166666666663
315,38.1,Winter,5.0,0,21,5,1,1.16,0.24,1.1408333333333334
26,3.1,Summer,5.0,7,3,6,9,0.85,0.85,1.9166666666666667
125,15.1,Spring,4.0,12,11,6,6,0.57,1.65,1.43375
87,-3.2,Spring,1.0,14,13,3,4,0.39,1.48,1.0895833333333331
140,7.1,Summer,3.0,11,3,6,9,1.69,1.22,1.4858333333333331
269,22.9,Spring,5.0,21,20,5,5,1.44,0.96,1.1979166666666667
301,-0.4,Winter,4.0,3,17,4,2,0.46,0.92,1.3654166666666667
178,5.1,Winter,5.0,13,7,5,1,1.47,0.98,1.61875
126,12.1,Winter,2.0,21,27,0,2,0.76,0.42,1.4004166666666666
176,27.3,Spring,5.0,15,18,1,4,1.1,1.59,1.7829166666666667
490,-2.7,Winter,1.0,12,14,1,3,0.52,0.91,1.6383333333333334
493,3.9,Summer,2.0,20,23,2,8,1.84,0.44,1.6675000000000002
400,-5.0,Winter,2.0,1,4,5,2,1.02,0.58,1.01625
348,8.8,Spring,5.0,4,1,3,6,0.5,0.35,1.4916666666666665
111,31.5,Winter,5.0,13,8,6,1,0.94,1.48,1.78125
233,7.6,Spring,3.0,5,26,2,4,1.29,1.52,1.2254166666666666
172,25.5,Fall,5.0,20,23,3,11,1.66,0.45,1.0391666666666668
306,3.5,Summer,5.0,0,29,4,9,0.27,0.23,1.3216666666666663
379,33.9,Summer,1.0,15,30,6,7,1.61,0.68,1.2029166666666666
449,13.5,Fall,2.0,4,2,0,10,0.68,1.0,1.1604166666666669
437,14.1,Spring,2.0,9,30,1,5,0.36,0.57,1.0858333333333334
400,25.0,Summer,2.0,20,18,4,8,0.27,2.0,1.2845833333333334
212,13.4,Fall,5.0,23,13,4,10,1.71,1.41,1.4774999999999998
412,-4.7,Fall,1.0,11,6,2,12,1.03,0.47,1.9145833333333333
271,2.9,Spring,4.0,6,13,3,4,0.52,1.68,1.5520833333333333
269,16.1,Fall,1.0,12,30,5,12,1.6,0.99,1.4920833333333334
145,30.6,Spring,2.0,15,2,1,5,1.48,0.5,1.0895833333333331
48,8.1,Spring,5.0,22,21,2,6,0.78,0.23,1.659166666666667
123,14.1,Winter,3.0,20,7,1,2,0.66,1.02,1.5445833333333334
285,0.9,Fall,1.0,10,16,3,11,1.43,0.43,1.45125
63,11.1,Spring,1.0,13,24,5,6,1.64,1.97,1.6762499999999998
257,11.5,Fall,5.0,4,30,5,12,0.56,0.6,1.3916666666666666
176,19.1,Summer,2.0,13,18,1,7,0.98,0.37,1.53
92,-3.9,Winter,5.0,19,28,1,3,1.96,1.31,1.15625
482,-4.4,Spring,4.0,18,14,6,5,1.8,1.79,1.2708333333333333
194,29.4,Winter,3.0,0,9,0,1,0.55,1.93,1.4541666666666666
497,13.6,Winter,5.0,13,26,6,3,1.2,0.32,1.305416666666667
255,-0.5,Summer,5.0,11,5,5,8,1.61,1.87,1.83875
285,21.2,Spring,5.0,12,21,2,6,1.05,0.55,1.36625
467,17.0,Summer,5.0,8,10,3,8,1.99,0.63,1.6754166666666668
307,2.9,Summer,1.0,10,30,5,9,1.07,1.45,1.3404166666666668
149,18.6,Spring,4.0,3,19,4,5,1.11,0.55,1.41375
449,10.5,Fall,4.0,11,26,3,10,1.71,1.16,1.6920833333333334
28,28.9,Winter,5.0,15,28,5,1,1.87,0.42,1.809583333333333
262,7.2,Summer,1.0,19,23,5,9,1.9,1.91,1.399166666666667
499,38.5,Winter,5.0,19,2,3,3,0.42,0.98,1.3370833333333334
15,-9.6,Summer,5.0,16,13,6,8,0.33,1.99,1.2008333333333334
320,28.4,Winter,3.0,9,27,0,3,0.55,1.44,1.375
204,23.0,Fall,5.0,0,19,3,10,1.8,0.86,1.6133333333333335
300,1.5,Summer,1.0,5,21,4,7,0.83,1.94,1.4216666666666669
389,12.1,Summer,2.0,10,28,4,7,0.63,0.71,1.4225
449,1.1,Summer,2.0,15,22,1,8,1.09,1.77,1.3791666666666669
75,27.2,Spring,3.0,13,5,0,6,1.36,1.74,1.2895833333333333
