timestamp,actual_energy,predicted_energy
2023-10-22 00:00:00,6.739999999999999,16.781046
2023-10-22 01:00:00,6.109999999999999,16.772566
2023-10-22 02:00:00,10.67,16.883776
2023-10-22 03:00:00,6.409999999999999,16.944082
2023-10-22 04:00:00,13.02,16.956387
2023-10-22 05:00:00,9.49,16.92007
2023-10-22 06:00:00,11.45,16.939692
2023-10-22 07:00:00,16.63,16.926891
2023-10-22 08:00:00,24.38,16.905703
2023-10-22 09:00:00,27.17,16.844118
2023-10-22 10:00:00,16.28,16.843355
2023-10-22 11:00:00,23.29,16.893465
2023-10-22 12:00:00,25.89,16.908028
2023-10-22 13:00:00,15.94,16.881695
2023-10-22 14:00:00,14.430000000000001,16.880472
2023-10-22 15:00:00,7.93,16.896996
2023-10-22 16:00:00,13.709999999999999,16.915096
2023-10-22 17:00:00,17.76,16.92382
2023-10-22 18:00:00,36.83,16.918854
2023-10-22 19:00:00,10.36,16.80821
2023-10-22 20:00:00,7.97,16.755537
2023-10-22 21:00:00,19.78,16.7653
2023-10-22 22:00:00,30.000000000000004,16.718052
2023-10-22 23:00:00,25.169999999999998,16.72513
2023-10-23 00:00:00,6.169999999999999,16.689066
2023-10-23 01:00:00,16.29,16.779331
2023-10-23 02:00:00,13.37,16.904625
2023-10-23 03:00:00,20.5,17.015781
2023-10-23 04:00:00,25.340000000000003,17.160004
2023-10-23 05:00:00,23.05,17.21234
2023-10-23 06:00:00,12.08,17.235071
2023-10-23 07:00:00,23.169999999999998,17.248882
2023-10-23 08:00:00,20.51,17.21473
2023-10-23 09:00:00,9.67,17.137886
2023-10-23 10:00:00,13.37,17.009222
2023-10-23 11:00:00,12.32,16.94695
2023-10-23 12:00:00,15.53,16.841944
2023-10-23 13:00:00,23.919999999999998,16.77009
2023-10-23 14:00:00,10.6,16.759155
2023-10-23 15:00:00,26.919999999999998,16.742695
2023-10-23 16:00:00,24.18,16.826265
2023-10-23 17:00:00,21.45,16.896986
2023-10-23 18:00:00,16.05,16.916674
2023-10-23 19:00:00,10.66,16.821207
2023-10-23 20:00:00,21.37,16.866
2023-10-23 21:00:00,23.09,16.946596
2023-10-23 22:00:00,9.08,16.953247
2023-10-23 23:00:00,28.09,16.892822
2023-10-24 00:00:00,26.630000000000003,16.862339
2023-10-24 01:00:00,16.28,16.969944
2023-10-24 02:00:00,27.04,17.071566
2023-10-24 03:00:00,22.34,17.149502
2023-10-24 04:00:00,13.800000000000002,17.20776
2023-10-24 05:00:00,14.66,17.18475
2023-10-24 06:00:00,20.580000000000002,17.192537
2023-10-24 07:00:00,12.670000000000002,17.202389
2023-10-24 08:00:00,11.5,17.167088
2023-10-24 09:00:00,16.77,17.130312
2023-10-24 10:00:00,25.239999999999995,17.13731
2023-10-24 11:00:00,18.689999999999998,17.089842
2023-10-24 12:00:00,16.21,17.07934
2023-10-24 13:00:00,17.59,17.05348
2023-10-24 14:00:00,15.839999999999998,16.997015
2023-10-24 15:00:00,20.990000000000002,17.000149
2023-10-24 16:00:00,30.56,16.933964
2023-10-24 17:00:00,27.85,16.889969
2023-10-24 18:00:00,12.24,16.84368
2023-10-24 19:00:00,16.89,16.802128
2023-10-24 20:00:00,14.45,16.867601
2023-10-24 21:00:00,11.75,16.871326
2023-10-24 22:00:00,12.139999999999999,16.86469
2023-10-24 23:00:00,30.240000000000002,16.921875
2023-10-25 00:00:00,26.35,16.899075
2023-10-25 01:00:00,8.81,16.926569
2023-10-25 02:00:00,15.7,17.058903
2023-10-25 03:00:00,12.8,17.085707
2023-10-25 04:00:00,22.71,17.094145
2023-10-25 05:00:00,22.07,17.12427
2023-10-25 06:00:00,16.11,17.13262
2023-10-25 07:00:00,28.55,17.110723
2023-10-25 08:00:00,11.41,17.135233
2023-10-25 09:00:00,15.419999999999998,17.160126
2023-10-25 10:00:00,12.21,17.145185
2023-10-25 11:00:00,21.95,17.108904
2023-10-25 12:00:00,19.06,17.045393
2023-10-25 13:00:00,17.64,16.980028
2023-10-25 14:00:00,12.430000000000001,16.959223
2023-10-25 15:00:00,23.02,16.942583
2023-10-25 16:00:00,26.77,16.894037
2023-10-25 17:00:00,16.62,16.804146
2023-10-25 18:00:00,7.54,16.728277
2023-10-25 19:00:00,23.740000000000002,16.701519
2023-10-25 20:00:00,12.27,16.695923
2023-10-25 21:00:00,17.93,16.708717
2023-10-25 22:00:00,18.3,16.742273
2023-10-25 23:00:00,34.47,16.791372
2023-10-26 00:00:00,16.51,16.746792
2023-10-26 01:00:00,15.419999999999998,16.79747
2023-10-26 02:00:00,14.37,16.933773
2023-10-26 03:00:00,11.530000000000001,17.042946
2023-10-26 04:00:00,23.74,17.097652
2023-10-26 05:00:00,12.23,17.073273
2023-10-26 06:00:00,5.36,17.078028
2023-10-26 07:00:00,5.79,17.088278
2023-10-26 08:00:00,11.83,16.995922
2023-10-26 09:00:00,17.169999999999998,16.950352
2023-10-26 10:00:00,8.89,16.963657
2023-10-26 11:00:00,31.09,16.964151
2023-10-26 12:00:00,18.4,16.929379
2023-10-26 13:00:00,15.180000000000001,16.925873
2023-10-26 14:00:00,21.28,16.928432
2023-10-26 15:00:00,19.45,16.950417
2023-10-26 16:00:00,34.15,16.933674
2023-10-26 17:00:00,23.62,16.855757
2023-10-26 18:00:00,26.11,16.862469
2023-10-26 19:00:00,12.670000000000002,16.929712
2023-10-26 20:00:00,22.33,16.93764
2023-10-26 21:00:00,36.68,16.956387
2023-10-26 22:00:00,21.6,16.943123
2023-10-26 23:00:00,12.74,16.92759
2023-10-27 00:00:00,14.19,16.857569
2023-10-27 01:00:00,10.120000000000001,16.910864
2023-10-27 02:00:00,9.1,16.994717
2023-10-27 03:00:00,32.35,17.054308
2023-10-27 04:00:00,9.8,17.144297
2023-10-27 05:00:00,16.38,17.16476
2023-10-27 06:00:00,22.26,17.182932
2023-10-27 07:00:00,11.95,17.206364
2023-10-27 08:00:00,12.940000000000001,17.250511
2023-10-27 09:00:00,16.21,17.24367
2023-10-27 10:00:00,36.31,17.207193
2023-10-27 11:00:00,15.650000000000002,17.183718
2023-10-27 12:00:00,17.64,17.107227
2023-10-27 13:00:00,21.39,17.05942
2023-10-27 14:00:00,23.47,17.043104
2023-10-27 15:00:00,15.85,16.996298
2023-10-27 16:00:00,15.61,16.960222
2023-10-27 17:00:00,17.7,16.882177
2023-10-27 18:00:00,17.81,16.828321
2023-10-27 19:00:00,17.69,16.811983
2023-10-27 20:00:00,9.58,16.852814
2023-10-27 21:00:00,8.450000000000001,16.884436
2023-10-27 22:00:00,8.51,16.77031
2023-10-27 23:00:00,17.6,16.791056
2023-10-28 00:00:00,5.869999999999999,16.79268
2023-10-28 01:00:00,14.9,16.846958
2023-10-28 02:00:00,22.96,16.934042
2023-10-28 03:00:00,13.86,17.032408
2023-10-28 04:00:00,28.980000000000004,17.003784
2023-10-28 05:00:00,10.06,17.04081
2023-10-28 06:00:00,23.42,17.04445
2023-10-28 07:00:00,23.740000000000002,17.06005
2023-10-28 08:00:00,18.27,17.122189
2023-10-28 09:00:00,16.98,17.137356
2023-10-28 10:00:00,14.12,17.111712
2023-10-28 11:00:00,21.71,17.008898
2023-10-28 12:00:00,13.599999999999998,16.989237
2023-10-28 13:00:00,11.350000000000001,16.923208
2023-10-28 14:00:00,22.95,16.85524
2023-10-28 15:00:00,11.65,16.808035
2023-10-28 16:00:00,17.56,16.817562
2023-10-28 17:00:00,11.51,16.797884
2023-10-28 18:00:00,22.830000000000002,16.751848
2023-10-28 19:00:00,16.28,16.728128
2023-10-28 20:00:00,27.650000000000002,16.746798
2023-10-28 21:00:00,24.21,16.775267
2023-10-28 22:00:00,18.23,16.868446
2023-10-28 23:00:00,6.18,16.918364
2023-10-29 00:00:00,10.379999999999999,16.888103
2023-10-29 01:00:00,19.41,16.97028
2023-10-29 02:00:00,2.2800000000000002,17.069407
2023-10-29 03:00:00,26.74,17.096111
2023-10-29 04:00:00,27.319999999999997,17.140644
2023-10-29 05:00:00,12.14,17.08308
2023-10-29 06:00:00,10.98,17.07576
2023-10-29 07:00:00,14.51,17.0788
2023-10-29 08:00:00,10.22,17.037626
2023-10-29 09:00:00,3.3699999999999997,16.986078
2023-10-29 10:00:00,11.67,16.923956
2023-10-29 11:00:00,25.98,16.910679
2023-10-29 12:00:00,22.12,16.869038
2023-10-29 13:00:00,9.059999999999999,16.813774
2023-10-29 14:00:00,10.45,16.831274
2023-10-29 15:00:00,23.95,16.77481
2023-10-29 16:00:00,12.439999999999998,16.787762
2023-10-29 17:00:00,8.27,16.796078
2023-10-29 18:00:00,27.73,16.81419
2023-10-29 19:00:00,22.25,16.79443
2023-10-29 20:00:00,17.77,16.81605
2023-10-29 21:00:00,25.009999999999998,16.791641
2023-10-29 22:00:00,19.95,16.73672
2023-10-29 23:00:00,14.199999999999998,16.748135
2023-10-30 00:00:00,9.76,16.830713
2023-10-30 01:00:00,17.47,16.975359
2023-10-30 02:00:00,21.4,17.044733
2023-10-30 03:00:00,7.07,17.146534
2023-10-30 04:00:00,19.06,17.065825
2023-10-30 05:00:00,17.759999999999998,16.98919
2023-10-30 06:00:00,14.5,16.980598
2023-10-30 07:00:00,8.21,16.982689
2023-10-30 08:00:00,14.04,16.970053
2023-10-30 09:00:00,13.749999999999998,17.01068
2023-10-30 10:00:00,17.59,17.08423
2023-10-30 11:00:00,5.02,17.073324
2023-10-30 12:00:00,23.52,17.007238
2023-10-30 13:00:00,12.29,16.911135
2023-10-30 14:00:00,15.530000000000003,16.91672
2023-10-30 15:00:00,10.09,16.932438
2023-10-30 16:00:00,31.209999999999997,16.879635
2023-10-30 17:00:00,13.509999999999998,16.865648
2023-10-30 18:00:00,12.549999999999999,16.84312
2023-10-30 19:00:00,14.77,16.74163
2023-10-30 20:00:00,13.01,16.724916
2023-10-30 21:00:00,6.919999999999999,16.719654
2023-10-30 22:00:00,14.32,16.64622
2023-10-30 23:00:00,7.870000000000001,16.624926
2023-10-31 00:00:00,6.39,16.652378
2023-10-31 01:00:00,20.1,16.758512
2023-10-31 02:00:00,15.05,16.807467
2023-10-31 03:00:00,14.729999999999999,16.845125
2023-10-31 04:00:00,19.86,16.891922
2023-10-31 05:00:00,13.510000000000002,16.894062
2023-10-31 06:00:00,5.379999999999999,16.909363
2023-10-31 07:00:00,11.41,16.919735
2023-10-31 08:00:00,21.23,16.977476
2023-10-31 09:00:00,28.490000000000002,16.98865
2023-10-31 10:00:00,9.97,16.974031
2023-10-31 11:00:00,15.43,16.950142
2023-10-31 12:00:00,7.7299999999999995,16.967321
2023-10-31 13:00:00,13.14,16.915295
2023-10-31 14:00:00,17.64,16.868612
2023-10-31 15:00:00,16.28,16.843304
2023-10-31 16:00:00,5.25,16.885382
2023-10-31 17:00:00,9.73,16.771618
2023-10-31 18:00:00,12.54,16.788998
2023-10-31 19:00:00,16.75,16.786243
2023-10-31 20:00:00,11.81,16.774021
2023-10-31 21:00:00,6.889999999999999,16.783194
2023-10-31 22:00:00,23.16,16.812151
2023-10-31 23:00:00,18.97,16.817255
2023-11-01 00:00:00,13.180000000000001,16.864021
2023-11-01 01:00:00,15.450000000000001,16.960081
2023-11-01 02:00:00,11.52,16.961203
2023-11-01 03:00:00,20.53,17.009907
2023-11-01 04:00:00,10.85,17.005657
2023-11-01 05:00:00,27.509999999999998,16.994493
2023-11-01 06:00:00,18.18,16.998104
2023-11-01 07:00:00,18.62,17.04381
2023-11-01 08:00:00,22.86,17.048952
2023-11-01 09:00:00,12.98,16.99137
2023-11-01 10:00:00,6.870000000000001,16.916481
2023-11-01 11:00:00,19.33,16.871784
2023-11-01 12:00:00,19.11,16.83964
2023-11-01 13:00:00,36.62,16.868694
2023-11-01 14:00:00,19.990000000000002,16.886112
2023-11-01 15:00:00,16.07,16.893785
2023-11-01 16:00:00,17.09,16.895124
2023-11-01 17:00:00,34.0,16.986628
2023-11-01 18:00:00,18.82,17.035875
2023-11-01 19:00:00,10.57,17.030577
2023-11-01 20:00:00,24.63,16.9284
2023-11-01 21:00:00,5.79,16.893457
2023-11-01 22:00:00,18.72,16.988064
2023-11-01 23:00:00,13.34,16.95726
2023-11-02 00:00:00,20.919999999999998,16.939426
2023-11-02 01:00:00,35.33,16.99621
2023-11-02 02:00:00,10.59,17.108868
2023-11-02 03:00:00,18.2,17.224447
2023-11-02 04:00:00,15.76,17.274769
2023-11-02 05:00:00,22.07,17.285955
2023-11-02 06:00:00,22.28,17.254278
2023-11-02 07:00:00,12.75,17.24749
2023-11-02 08:00:00,22.92,17.233425
2023-11-02 09:00:00,18.43,17.182968
2023-11-02 10:00:00,14.580000000000002,17.163128
2023-11-02 11:00:00,10.219999999999999,17.173748
2023-11-02 12:00:00,32.28,17.150078
2023-11-02 13:00:00,15.200000000000003,17.088617
2023-11-02 14:00:00,20.259999999999998,16.983541
2023-11-02 15:00:00,20.93,16.95531
2023-11-02 16:00:00,16.72,16.958097
2023-11-02 17:00:00,14.200000000000001,16.977678
2023-11-02 18:00:00,12.48,16.890213
2023-11-02 19:00:00,21.52,16.844025
2023-11-02 20:00:00,14.19,16.885452
2023-11-02 21:00:00,13.44,16.860859
2023-11-02 22:00:00,32.85,16.955067
2023-11-02 23:00:00,28.950000000000003,16.942324
2023-11-03 00:00:00,11.17,16.959038
2023-11-03 01:00:00,16.94,17.013918
2023-11-03 02:00:00,17.45,16.997456
2023-11-03 03:00:00,21.29,17.05365
2023-11-03 04:00:00,7.88,17.087297
2023-11-03 05:00:00,9.93,17.111692
2023-11-03 06:00:00,6.85,17.094229
2023-11-03 07:00:00,5.95,17.046337
2023-11-03 08:00:00,12.129999999999999,17.029333
2023-11-03 09:00:00,12.92,16.948551
2023-11-03 10:00:00,16.29,16.878212
2023-11-03 11:00:00,21.35,16.88337
2023-11-03 12:00:00,13.26,16.901001
2023-11-03 13:00:00,14.37,16.84329
2023-11-03 14:00:00,18.92,16.83256
2023-11-03 15:00:00,10.209999999999999,16.779219
2023-11-03 16:00:00,36.56,16.785582
2023-11-03 17:00:00,13.25,16.773909
2023-11-03 18:00:00,26.029999999999998,16.797325
2023-11-03 19:00:00,7.380000000000001,16.771881
2023-11-03 20:00:00,7.4,16.791573
2023-11-03 21:00:00,7.19,16.827682
2023-11-03 22:00:00,18.31,16.858738
2023-11-03 23:00:00,28.219999999999995,16.779512
2023-11-04 00:00:00,21.59,16.685091
2023-11-04 01:00:00,26.17,16.754423
2023-11-04 02:00:00,12.68,16.846785
2023-11-04 03:00:00,8.540000000000001,16.934454
2023-11-04 04:00:00,13.22,16.958345
2023-11-04 05:00:00,12.430000000000001,16.952808
2023-11-04 06:00:00,21.8,17.017714
2023-11-04 07:00:00,23.810000000000002,17.056505
2023-11-04 08:00:00,15.839999999999998,17.081636
2023-11-04 09:00:00,22.44,17.098248
2023-11-04 10:00:00,20.24,17.112408
2023-11-04 11:00:00,23.77,17.06969
2023-11-04 12:00:00,18.53,17.02365
2023-11-04 13:00:00,16.740000000000002,16.959602
2023-11-04 14:00:00,13.41,16.912289
2023-11-04 15:00:00,26.16,16.835918
2023-11-04 16:00:00,21.79,16.840555
2023-11-04 17:00:00,15.560000000000002,16.751726
2023-11-04 18:00:00,15.64,16.793747
2023-11-04 19:00:00,5.569999999999999,16.79197
2023-11-04 20:00:00,26.32,16.831678
2023-11-04 21:00:00,7.34,16.877823
2023-11-04 22:00:00,19.36,16.928587
2023-11-04 23:00:00,12.960000000000003,16.895767
2023-11-05 00:00:00,22.59,16.82025
2023-11-05 01:00:00,19.48,16.82572
2023-11-05 02:00:00,8.86,16.845669
2023-11-05 03:00:00,14.8,16.94883
2023-11-05 04:00:00,26.71,17.075277
2023-11-05 05:00:00,12.99,17.163046
2023-11-05 06:00:00,23.16,17.213062
2023-11-05 07:00:00,26.839999999999996,17.197153
2023-11-05 08:00:00,18.44,17.159533
2023-11-05 09:00:00,9.04,17.15121
2023-11-05 10:00:00,28.150000000000002,17.110987
2023-11-05 11:00:00,15.090000000000002,17.059685
2023-11-05 12:00:00,27.960000000000004,17.000082
2023-11-05 13:00:00,18.31,16.984186
2023-11-05 14:00:00,9.85,16.973324
2023-11-05 15:00:00,13.81,16.987122
2023-11-05 16:00:00,13.16,16.940031
2023-11-05 17:00:00,11.17,16.896265
2023-11-05 18:00:00,5.37,16.836695
2023-11-05 19:00:00,15.59,16.826904
2023-11-05 20:00:00,26.19,16.842545
2023-11-05 21:00:00,13.839999999999998,16.773405
2023-11-05 22:00:00,18.77,16.794794
2023-11-05 23:00:00,6.7700000000000005,16.7644
2023-11-06 00:00:00,15.46,16.748453
2023-11-06 01:00:00,23.0,16.813576
2023-11-06 02:00:00,10.24,16.896412
2023-11-06 03:00:00,16.63,17.007246
2023-11-06 04:00:00,21.32,17.090216
2023-11-06 05:00:00,17.79,17.091663
2023-11-06 06:00:00,12.5,17.102186
2023-11-06 07:00:00,9.11,17.069204
2023-11-06 08:00:00,13.35,17.004583
2023-11-06 09:00:00,14.580000000000002,16.963196
2023-11-06 10:00:00,17.43,16.941448
2023-11-06 11:00:00,9.76,16.853706
2023-11-06 12:00:00,20.94,16.809664
2023-11-06 13:00:00,11.35,16.718239
2023-11-06 14:00:00,20.66,16.740257
2023-11-06 15:00:00,24.74,16.82182
2023-11-06 16:00:00,24.29,16.854404
2023-11-06 17:00:00,8.08,16.893686
2023-11-06 18:00:00,8.83,16.931618
2023-11-06 19:00:00,19.25,17.02532
2023-11-06 20:00:00,16.45,17.05254
2023-11-06 21:00:00,20.72,16.957909
2023-11-06 22:00:00,13.270000000000001,16.907522
2023-11-06 23:00:00,3.2,16.864773
2023-11-07 00:00:00,25.0,16.900702
2023-11-07 01:00:00,19.69,16.926794
2023-11-07 02:00:00,30.850000000000005,16.934849
2023-11-07 03:00:00,11.8,17.060091
2023-11-07 04:00:00,17.61,17.109064
2023-11-07 05:00:00,18.35,17.106388
2023-11-07 06:00:00,21.259999999999998,17.074883
2023-11-07 07:00:00,27.66,17.058634
2023-11-07 08:00:00,14.84,17.084698
2023-11-07 09:00:00,27.830000000000002,17.104439
2023-11-07 10:00:00,25.56,17.073574
2023-11-07 11:00:00,11.6,17.070183
2023-11-07 12:00:00,17.88,17.08876
2023-11-07 13:00:00,15.08,17.061563
2023-11-07 14:00:00,9.73,17.076342
2023-11-07 15:00:00,10.09,17.026663
2023-11-07 16:00:00,7.500000000000001,16.950699
2023-11-07 17:00:00,17.78,16.849003
2023-11-07 18:00:00,15.379999999999999,16.870007
2023-11-07 19:00:00,21.14,16.92395
2023-11-07 20:00:00,15.72,16.863735
2023-11-07 21:00:00,18.05,16.834547
2023-11-07 22:00:00,11.84,16.809692
2023-11-07 23:00:00,24.28,16.81676
2023-11-08 00:00:00,21.77,16.853977
2023-11-08 01:00:00,19.82,16.881552
2023-11-08 02:00:00,25.66,16.986095
2023-11-08 03:00:00,19.099999999999998,17.023514
2023-11-08 04:00:00,4.519999999999999,17.11808
2023-11-08 05:00:00,16.73,17.186798
2023-11-08 06:00:00,10.87,17.19052
2023-11-08 07:00:00,17.77,17.08049
2023-11-08 08:00:00,23.66,17.002432
2023-11-08 09:00:00,22.580000000000002,16.993149
2023-11-08 10:00:00,26.749999999999996,16.905693
2023-11-08 11:00:00,18.61,16.852507
2023-11-08 12:00:00,15.19,16.89805
2023-11-08 13:00:00,17.43,16.915031
2023-11-08 14:00:00,14.86,16.927227
2023-11-08 15:00:00,19.169999999999998,16.961401
2023-11-08 16:00:00,26.850000000000005,16.989756
2023-11-08 17:00:00,15.13,17.030478
2023-11-08 18:00:00,23.990000000000002,16.973993
2023-11-08 19:00:00,21.669999999999998,16.920595
2023-11-08 20:00:00,14.84,16.899944
2023-11-08 21:00:00,18.3,16.859653
2023-11-08 22:00:00,9.719999999999999,16.850006
2023-11-08 23:00:00,13.419999999999998,16.864462
2023-11-09 00:00:00,13.1,16.858706
2023-11-09 01:00:00,11.99,16.905567
2023-11-09 02:00:00,20.35,16.952381
2023-11-09 03:00:00,14.04,16.981287
2023-11-09 04:00:00,7.319999999999999,17.02367
2023-11-09 05:00:00,18.37,17.141823
2023-11-09 06:00:00,9.64,17.103699
2023-11-09 07:00:00,10.030000000000001,17.066507
2023-11-09 08:00:00,20.82,16.995832
2023-11-09 09:00:00,16.1,16.940802
2023-11-09 10:00:00,13.85,16.90948
2023-11-09 11:00:00,15.9,16.88483
2023-11-09 12:00:00,11.63,16.81854
2023-11-09 13:00:00,19.2,16.769043
2023-11-09 14:00:00,17.84,16.747618
2023-11-09 15:00:00,24.68,16.760557
2023-11-09 16:00:00,17.5,16.778355
2023-11-09 17:00:00,18.0,16.746986
2023-11-09 18:00:00,14.72,16.744465
2023-11-09 19:00:00,9.44,16.752102
2023-11-09 20:00:00,21.83,16.738878
2023-11-09 21:00:00,17.56,16.726019
2023-11-09 22:00:00,21.95,16.737503
2023-11-09 23:00:00,5.659999999999999,16.76892
2023-11-10 00:00:00,20.490000000000002,16.776352
2023-11-10 01:00:00,17.35,16.8553
2023-11-10 02:00:00,13.82,16.941933
2023-11-10 03:00:00,13.96,16.962019
2023-11-10 04:00:00,19.23,17.005838
2023-11-10 05:00:00,17.28,17.08882
2023-11-10 06:00:00,13.030000000000001,17.069172
2023-11-10 07:00:00,5.709999999999999,17.10816
2023-11-10 08:00:00,11.850000000000001,17.056524
2023-11-10 09:00:00,26.180000000000003,16.981016
2023-11-10 10:00:00,16.82,16.955097
2023-11-10 11:00:00,20.0,16.920837
2023-11-10 12:00:00,13.839999999999998,16.893412
2023-11-10 13:00:00,15.870000000000001,16.882479
2023-11-10 14:00:00,30.23,16.855848
2023-11-10 15:00:00,23.810000000000002,16.853432
2023-11-10 16:00:00,9.42,16.810791
2023-11-10 17:00:00,11.040000000000001,16.827541
2023-11-10 18:00:00,6.07,16.831608
2023-11-10 19:00:00,20.93,16.811024
2023-11-10 20:00:00,16.18,16.850496
2023-11-10 21:00:00,16.82,16.798855
2023-11-10 22:00:00,28.75,16.743961
2023-11-10 23:00:00,27.79,16.677027
2023-11-11 00:00:00,25.279999999999998,16.7153
2023-11-11 01:00:00,11.83,16.784412
2023-11-11 02:00:00,14.960000000000003,16.865849
2023-11-11 03:00:00,18.91,16.959583
2023-11-11 04:00:00,30.42,17.066113
2023-11-11 05:00:00,10.84,17.117823
2023-11-11 06:00:00,16.96,17.135149
2023-11-11 07:00:00,25.96,17.170128
2023-11-11 08:00:00,6.3900000000000015,17.220991
2023-11-11 09:00:00,18.07,17.22075
2023-11-11 10:00:00,15.97,17.153074
2023-11-11 11:00:00,9.72,17.11646
2023-11-11 12:00:00,15.600000000000001,17.025345
2023-11-11 13:00:00,11.4,16.972822
2023-11-11 14:00:00,8.7,16.93425
2023-11-11 15:00:00,15.96,16.85505
2023-11-11 16:00:00,19.45,16.821993
2023-11-11 17:00:00,6.699999999999998,16.839817
2023-11-11 18:00:00,10.84,16.889706
2023-11-11 19:00:00,14.23,16.904339
2023-11-11 20:00:00,19.439999999999998,16.842619
2023-11-11 21:00:00,6.870000000000001,16.828825
2023-11-11 22:00:00,10.23,16.82621
2023-11-11 23:00:00,12.38,16.776943
2023-11-12 00:00:00,12.529999999999998,16.675554
2023-11-12 01:00:00,15.05,16.64675
2023-11-12 02:00:00,14.69,16.716156
2023-11-12 03:00:00,12.969999999999999,16.803814
2023-11-12 04:00:00,17.599999999999998,16.841133
2023-11-12 05:00:00,16.75,16.798735
2023-11-12 06:00:00,24.41,16.859005
2023-11-12 07:00:00,12.34,16.890076
2023-11-12 08:00:00,15.689999999999998,16.890892
2023-11-12 09:00:00,11.6,16.974812
2023-11-12 10:00:00,10.51,16.946198
2023-11-12 11:00:00,17.62,16.92026
2023-11-12 12:00:00,20.21,16.899641
2023-11-12 13:00:00,15.01,16.859295
2023-11-12 14:00:00,23.71,16.81447
2023-11-12 15:00:00,15.86,16.8039
2023-11-12 16:00:00,3.23,16.792505
2023-11-12 17:00:00,18.92,16.751833
2023-11-12 18:00:00,25.63,16.746569
2023-11-12 19:00:00,13.059999999999999,16.726042
2023-11-12 20:00:00,21.7,16.70084
2023-11-12 21:00:00,21.66,16.665146
2023-11-12 22:00:00,10.120000000000001,16.711096
2023-11-12 23:00:00,32.839999999999996,16.740543
2023-11-13 00:00:00,22.23,16.735714
2023-11-13 01:00:00,25.009999999999998,16.875072
2023-11-13 02:00:00,8.68,17.013586
2023-11-13 03:00:00,5.04,17.071592
2023-11-13 04:00:00,8.97,17.109913
2023-11-13 05:00:00,16.45,17.123163
2023-11-13 06:00:00,26.02,17.074045
2023-11-13 07:00:00,9.62,17.004301
2023-11-13 08:00:00,16.0,17.014545
2023-11-13 09:00:00,16.009999999999998,17.015806
2023-11-13 10:00:00,26.34,16.99642
2023-11-13 11:00:00,13.14,16.997818
2023-11-13 12:00:00,11.05,16.961258
2023-11-13 13:00:00,17.44,16.984604
2023-11-13 14:00:00,13.58,17.007662
2023-11-13 15:00:00,15.800000000000002,16.970257
2023-11-13 16:00:00,18.66,16.937737
2023-11-13 17:00:00,13.780000000000001,16.997969
2023-11-13 18:00:00,16.69,16.979055
2023-11-13 19:00:00,29.56,16.887629
2023-11-13 20:00:00,15.560000000000002,16.888803
2023-11-13 21:00:00,27.45,16.87653
2023-11-13 22:00:00,23.36,16.858843
2023-11-13 23:00:00,19.57,16.898836
2023-11-14 00:00:00,8.129999999999999,16.85262
2023-11-14 01:00:00,9.4,16.886007
2023-11-14 02:00:00,21.77,16.933832
2023-11-14 03:00:00,5.76,17.016457
2023-11-14 04:00:00,16.98,17.108097
2023-11-14 05:00:00,6.63,17.165077
2023-11-14 06:00:00,16.02,17.161602
2023-11-14 07:00:00,15.76,17.096706
2023-11-14 08:00:00,12.98,17.114243
2023-11-14 09:00:00,11.44,17.08154
2023-11-14 10:00:00,19.77,17.03117
2023-11-14 11:00:00,23.84,16.950975
2023-11-14 12:00:00,14.84,16.884727
2023-11-14 13:00:00,19.599999999999998,16.870405
2023-11-14 14:00:00,19.45,16.874279
2023-11-14 15:00:00,19.71,16.887089
2023-11-14 16:00:00,29.17,16.912434
2023-11-14 17:00:00,24.009999999999998,16.893623
2023-11-14 18:00:00,25.849999999999998,16.92053
2023-11-14 19:00:00,22.93,16.954256
2023-11-14 20:00:00,11.55,16.924837
2023-11-14 21:00:00,13.039999999999997,16.93801
2023-11-14 22:00:00,23.33,16.845478
2023-11-14 23:00:00,11.74,16.782469
2023-11-15 00:00:00,20.37,16.755507
2023-11-15 01:00:00,16.349999999999998,16.84886
2023-11-15 02:00:00,20.84,16.993158
2023-11-15 03:00:00,28.25,17.029953
2023-11-15 04:00:00,16.8,17.116304
2023-11-15 05:00:00,13.31,17.166607
2023-11-15 06:00:00,16.72,17.226768
2023-11-15 07:00:00,29.03,17.243303
2023-11-15 08:00:00,22.78,17.242971
2023-11-15 09:00:00,18.96,17.263771
2023-11-15 10:00:00,15.569999999999999,17.269037
2023-11-15 11:00:00,8.52,17.199293
2023-11-15 12:00:00,16.779999999999998,17.146301
2023-11-15 13:00:00,10.75,17.100016
2023-11-15 14:00:00,16.16,17.03537
2023-11-15 15:00:00,35.86,16.998758
2023-11-15 16:00:00,10.75,16.969233
2023-11-15 17:00:00,18.43,16.902374
2023-11-15 18:00:00,19.03,16.886374
2023-11-15 19:00:00,16.0,16.81699
2023-11-15 20:00:00,10.97,16.78187
2023-11-15 21:00:00,7.529999999999999,16.794294
2023-11-15 22:00:00,13.34,16.834599
2023-11-15 23:00:00,17.64,16.800385
2023-11-16 00:00:00,14.09,16.830774
2023-11-16 01:00:00,14.36,16.860909
2023-11-16 02:00:00,15.149999999999999,16.951078
2023-11-16 03:00:00,21.0,16.986063
2023-11-16 04:00:00,10.2,16.984333
2023-11-16 05:00:00,13.61,16.952549
2023-11-16 06:00:00,23.37,16.94161
2023-11-16 07:00:00,27.09,16.935673
2023-11-16 08:00:00,36.64,16.8762
2023-11-16 09:00:00,16.84,16.866312
2023-11-16 10:00:00,17.81,16.885168
2023-11-16 11:00:00,9.95,16.893429
2023-11-16 12:00:00,16.26,16.917593
2023-11-16 13:00:00,32.81,16.909496
2023-11-16 14:00:00,14.79,16.954912
2023-11-16 15:00:00,7.0,16.950045
2023-11-16 16:00:00,8.0,16.857466
2023-11-16 17:00:00,17.15,16.820711
2023-11-16 18:00:00,18.17,16.791353
2023-11-16 19:00:00,14.819999999999999,16.755754
2023-11-16 20:00:00,13.039999999999997,16.732218
2023-11-16 21:00:00,17.82,16.698645
2023-11-16 22:00:00,15.35,16.735298
2023-11-16 23:00:00,31.88,16.732517
2023-11-17 00:00:00,13.31,16.720434
2023-11-17 01:00:00,11.02,16.814316
2023-11-17 02:00:00,15.02,16.940962
2023-11-17 03:00:00,18.66,17.021444
2023-11-17 04:00:00,12.34,17.063517
2023-11-17 05:00:00,14.690000000000003,17.105034
2023-11-17 06:00:00,5.989999999999999,17.125443
2023-11-17 07:00:00,18.18,17.07689
2023-11-17 08:00:00,15.059999999999999,17.008299
2023-11-17 09:00:00,9.780000000000001,16.894358
2023-11-17 10:00:00,17.27,16.844978
2023-11-17 11:00:00,21.16,16.828989
2023-11-17 12:00:00,33.94,16.860765
2023-11-17 13:00:00,17.03,16.867138
2023-11-17 14:00:00,17.22,16.814837
2023-11-17 15:00:00,34.5,16.795614
2023-11-17 16:00:00,26.389999999999997,16.86373
2023-11-17 17:00:00,10.37,16.935543
2023-11-17 18:00:00,20.34,16.93623
2023-11-17 19:00:00,17.99,16.896751
2023-11-17 20:00:00,12.0,16.887297
2023-11-17 21:00:00,12.969999999999999,16.887093
2023-11-17 22:00:00,26.34,16.826157
2023-11-17 23:00:00,19.23,16.840525
2023-11-18 00:00:00,16.16,16.755316
2023-11-18 01:00:00,16.34,16.812096
2023-11-18 02:00:00,19.15,16.953053
2023-11-18 03:00:00,17.07,17.053112
2023-11-18 04:00:00,11.83,17.097496
2023-11-18 05:00:00,23.52,17.139637
2023-11-18 06:00:00,22.54,17.16807
2023-11-18 07:00:00,7.24,17.23835
2023-11-18 08:00:00,17.98,17.237524
2023-11-18 09:00:00,9.96,17.255592
2023-11-18 10:00:00,21.36,17.239756
2023-11-18 11:00:00,11.75,17.202946
2023-11-18 12:00:00,19.7,17.11079
2023-11-18 13:00:00,9.16,16.93544
2023-11-18 14:00:00,22.080000000000002,16.860199
2023-11-18 15:00:00,6.43,16.8543
2023-11-18 16:00:00,18.05,16.78624
2023-11-18 17:00:00,17.43,16.717892
2023-11-18 18:00:00,27.18,16.744984
2023-11-18 19:00:00,12.51,16.723608
2023-11-18 20:00:00,15.3,16.737661
2023-11-18 21:00:00,10.05,16.75368
2023-11-18 22:00:00,42.76,16.762888
2023-11-18 23:00:00,17.27,16.716547
2023-11-19 00:00:00,15.91,16.753777
2023-11-19 01:00:00,18.009999999999998,16.86109
2023-11-19 02:00:00,12.290000000000001,17.002851
2023-11-19 03:00:00,14.3,17.075773
2023-11-19 04:00:00,21.69,17.104225
2023-11-19 05:00:00,28.83,17.145761
2023-11-19 06:00:00,17.61,17.133036
2023-11-19 07:00:00,9.61,17.07988
2023-11-19 08:00:00,22.0,17.063774
2023-11-19 09:00:00,22.48,17.029894
2023-11-19 10:00:00,21.98,17.055567
2023-11-19 11:00:00,22.33,17.018385
2023-11-19 12:00:00,12.6,17.019436
2023-11-19 13:00:00,16.91,16.965393
2023-11-19 14:00:00,4.529999999999999,16.935633
2023-11-19 15:00:00,22.1,16.868357
2023-11-19 16:00:00,10.45,16.86889
2023-11-19 17:00:00,14.87,16.856846
2023-11-19 18:00:00,21.77,16.866545
2023-11-19 19:00:00,14.969999999999999,16.839691
2023-11-19 20:00:00,17.189999999999998,16.85437
2023-11-19 21:00:00,12.22,16.850414
2023-11-19 22:00:00,30.090000000000003,16.826376
2023-11-19 23:00:00,16.11,16.704285
2023-11-20 00:00:00,7.7700000000000005,16.719973
2023-11-20 01:00:00,17.9,16.820381
2023-11-20 02:00:00,24.3,16.892057
2023-11-20 03:00:00,17.96,16.98431
2023-11-20 04:00:00,9.540000000000001,17.081512
2023-11-20 05:00:00,13.090000000000002,17.094433
2023-11-20 06:00:00,27.22,17.029089
2023-11-20 07:00:00,13.980000000000002,16.978096
2023-11-20 08:00:00,6.09,16.984928
2023-11-20 09:00:00,35.78,16.900846
2023-11-20 10:00:00,15.379999999999999,16.861479
2023-11-20 11:00:00,6.480000000000001,16.820648
2023-11-20 12:00:00,14.86,16.782255
2023-11-20 13:00:00,6.4399999999999995,16.799612
2023-11-20 14:00:00,18.98,16.77731
2023-11-20 15:00:00,8.28,16.848585
2023-11-20 16:00:00,17.46,16.83247
2023-11-20 17:00:00,22.37,16.876616
2023-11-20 18:00:00,17.44,16.874943
2023-11-20 19:00:00,15.83,16.87448
2023-11-20 20:00:00,17.63,16.908289
2023-11-20 21:00:00,18.82,16.882158
2023-11-20 22:00:00,14.18,16.882133
2023-11-20 23:00:00,34.08,16.83014
2023-11-21 00:00:00,10.1,16.83354
2023-11-21 01:00:00,19.330000000000002,16.92131
2023-11-21 02:00:00,23.11,16.962301
2023-11-21 03:00:00,16.35,16.989103
2023-11-21 04:00:00,7.640000000000001,17.049166
2023-11-21 05:00:00,12.21,17.095627
2023-11-21 06:00:00,13.509999999999998,17.113642
2023-11-21 07:00:00,10.93,17.024115
2023-11-21 08:00:00,15.94,17.01167
2023-11-21 09:00:00,9.96,17.05528
2023-11-21 10:00:00,20.7,16.903843
2023-11-21 11:00:00,7.7200000000000015,16.83589
2023-11-21 12:00:00,8.73,16.815851
2023-11-21 13:00:00,12.670000000000002,16.809744
2023-11-21 14:00:00,17.07,16.856575
2023-11-21 15:00:00,23.259999999999998,16.846254
2023-11-21 16:00:00,11.66,16.89869
2023-11-21 17:00:00,18.169999999999998,16.91653
2023-11-21 18:00:00,17.45,16.886248
2023-11-21 19:00:00,15.280000000000001,16.857132
2023-11-21 20:00:00,17.080000000000002,16.849316
2023-11-21 21:00:00,8.51,16.82671
2023-11-21 22:00:00,11.34,16.82936
2023-11-21 23:00:00,29.78,16.806406
2023-11-22 00:00:00,17.96,16.721928
2023-11-22 01:00:00,24.2,16.772995
2023-11-22 02:00:00,11.93,16.827524
2023-11-22 03:00:00,29.17,16.86373
2023-11-22 04:00:00,23.96,16.88731
2023-11-22 05:00:00,24.36,16.972975
2023-11-22 06:00:00,27.469999999999995,17.010696
2023-11-22 07:00:00,11.39,17.062689
2023-11-22 08:00:00,23.69,17.1033
2023-11-22 09:00:00,20.49,17.124493
2023-11-22 10:00:00,20.71,17.14157
2023-11-22 11:00:00,16.59,17.101822
2023-11-22 12:00:00,10.27,17.115782
2023-11-22 13:00:00,16.13,17.130632
2023-11-22 14:00:00,22.14,17.132492
2023-11-22 15:00:00,23.81,17.099075
2023-11-22 16:00:00,9.93,17.013353
2023-11-22 17:00:00,27.13,16.985065
2023-11-22 18:00:00,11.32,16.975178
2023-11-22 19:00:00,15.450000000000001,16.953165
2023-11-22 20:00:00,24.44,16.925444
2023-11-22 21:00:00,12.79,16.86967
2023-11-22 22:00:00,20.62,16.92282
2023-11-22 23:00:00,26.61,16.986242
2023-11-23 00:00:00,21.11,16.895584
2023-11-23 01:00:00,14.259999999999998,16.95492
2023-11-23 02:00:00,20.51,17.01881
2023-11-23 03:00:00,23.31,17.123365
2023-11-23 04:00:00,18.32,17.143024
2023-11-23 05:00:00,16.87,17.17768
2023-11-23 06:00:00,15.22,17.212404
2023-11-23 07:00:00,16.39,17.17585
2023-11-23 08:00:00,25.47,17.16879
2023-11-23 09:00:00,8.36,17.114502
2023-11-23 10:00:00,8.95,17.10035
2023-11-23 11:00:00,16.82,17.020544
2023-11-23 12:00:00,16.08,16.977404
2023-11-23 13:00:00,10.0,16.961264
2023-11-23 14:00:00,24.880000000000003,16.94241
2023-11-23 15:00:00,18.02,16.884787
2023-11-23 16:00:00,23.380000000000003,16.860134
2023-11-23 17:00:00,14.670000000000002,16.885216
2023-11-23 18:00:00,18.81,16.865635
2023-11-23 19:00:00,11.34,16.857103
2023-11-23 20:00:00,16.450000000000003,16.83644
2023-11-23 21:00:00,11.86,16.772322
2023-11-23 22:00:00,16.74,16.757158
2023-11-23 23:00:00,6.63,16.738312
2023-11-24 00:00:00,14.93,16.651766
2023-11-24 01:00:00,24.7,16.710188
2023-11-24 02:00:00,11.76,16.815575
2023-11-24 03:00:00,26.83,16.894238
2023-11-24 04:00:00,22.18,16.943678
2023-11-24 05:00:00,11.22,16.97402
2023-11-24 06:00:00,13.55,17.010916
2023-11-24 07:00:00,24.65,17.047535
2023-11-24 08:00:00,28.78,17.109812
2023-11-24 09:00:00,16.08,17.07232
2023-11-24 10:00:00,21.95,17.078695
2023-11-24 11:00:00,16.36,17.067581
2023-11-24 12:00:00,20.25,17.03246
2023-11-24 13:00:00,11.73,17.018528
2023-11-24 14:00:00,13.380000000000003,16.992338
2023-11-24 15:00:00,20.32,16.950672
2023-11-24 16:00:00,12.65,16.919407
2023-11-24 17:00:00,12.79,16.833052
2023-11-24 18:00:00,9.93,16.788227
2023-11-24 19:00:00,18.79,16.773905
2023-11-24 20:00:00,7.61,16.769133
2023-11-24 21:00:00,11.0,16.730122
2023-11-24 22:00:00,15.040000000000001,16.722528
2023-11-24 23:00:00,15.540000000000001,16.691683
2023-11-25 00:00:00,25.009999999999998,16.72579
2023-11-25 01:00:00,17.55,16.802794
2023-11-25 02:00:00,11.51,16.87651
2023-11-25 03:00:00,6.66,17.008224
2023-11-25 04:00:00,19.56,16.98468
2023-11-25 05:00:00,24.27,16.974588
2023-11-25 06:00:00,20.67,16.987621
2023-11-25 07:00:00,11.97,17.01184
2023-11-25 08:00:00,9.39,16.988361
2023-11-25 09:00:00,16.35,16.950352
2023-11-25 10:00:00,16.67,16.925117
2023-11-25 11:00:00,16.91,16.88612
2023-11-25 12:00:00,10.17,16.830036
2023-11-25 13:00:00,14.349999999999998,16.780205
2023-11-25 14:00:00,25.240000000000002,16.764784
2023-11-25 15:00:00,32.59,16.757298
2023-11-25 16:00:00,11.27,16.713642
2023-11-25 17:00:00,22.54,16.722435
2023-11-25 18:00:00,8.05,16.743921
2023-11-25 19:00:00,24.2,16.81514
2023-11-25 20:00:00,34.15,16.782618
2023-11-25 21:00:00,30.52,16.817883
2023-11-25 22:00:00,23.42,16.876799
2023-11-25 23:00:00,16.5,16.9127
2023-11-26 00:00:00,25.72,16.949707
2023-11-26 01:00:00,19.38,17.006697
2023-11-26 02:00:00,13.52,17.099329
2023-11-26 03:00:00,16.84,17.203167
2023-11-26 04:00:00,16.16,17.294525
2023-11-26 05:00:00,13.99,17.294353
2023-11-26 06:00:00,12.19,17.28096
2023-11-26 07:00:00,16.29,17.249083
2023-11-26 08:00:00,21.28,17.232592
2023-11-26 09:00:00,14.61,17.228485
2023-11-26 10:00:00,29.369999999999997,17.195982
2023-11-26 11:00:00,14.92,17.177359
2023-11-26 12:00:00,27.830000000000002,17.147552
2023-11-26 13:00:00,19.63,17.152763
2023-11-26 14:00:00,13.030000000000001,17.158813
2023-11-26 15:00:00,19.19,17.12948
2023-11-26 16:00:00,9.81,17.025467
2023-11-26 17:00:00,4.129999999999999,16.988617
2023-11-26 18:00:00,12.3,16.872608
2023-11-26 19:00:00,9.56,16.82212
2023-11-26 20:00:00,16.37,16.779127
2023-11-26 21:00:00,20.98,16.697063
2023-11-26 22:00:00,16.830000000000002,16.621868
2023-11-26 23:00:00,12.74,16.579723
2023-11-27 00:00:00,7.709999999999999,16.571148
2023-11-27 01:00:00,24.06,16.6508
2023-11-27 02:00:00,9.8,16.742706
2023-11-27 03:00:00,13.64,16.839075
2023-11-27 04:00:00,13.91,16.92249
2023-11-27 05:00:00,20.58,16.932856
2023-11-27 06:00:00,21.96,16.956707
2023-11-27 07:00:00,12.77,17.00759
2023-11-27 08:00:00,11.959999999999999,17.023857
2023-11-27 09:00:00,21.21,16.989082
2023-11-27 10:00:00,21.5,17.011192
2023-11-27 11:00:00,19.490000000000002,16.923843
2023-11-27 12:00:00,16.9,16.910006
2023-11-27 13:00:00,9.889999999999999,16.825241
2023-11-27 14:00:00,11.76,16.789116
2023-11-27 15:00:00,20.54,16.821295
2023-11-27 16:00:00,18.310000000000002,16.818754
2023-11-27 17:00:00,18.259999999999998,16.851128
2023-11-27 18:00:00,8.24,16.933826
2023-11-27 19:00:00,7.19,16.999203
2023-11-27 20:00:00,11.1,17.013605
2023-11-27 21:00:00,14.9,16.967564
2023-11-27 22:00:00,15.479999999999999,16.883394
2023-11-27 23:00:00,18.080000000000002,16.812014
2023-11-28 00:00:00,22.09,16.809084
2023-11-28 01:00:00,21.32,16.905512
2023-11-28 02:00:00,31.72,16.94232
2023-11-28 03:00:00,27.97,17.040766
2023-11-28 04:00:00,38.05,17.09594
2023-11-28 05:00:00,20.54,17.141996
2023-11-28 06:00:00,12.11,17.144085
2023-11-28 07:00:00,28.1,17.109453
2023-11-28 08:00:00,19.14,17.086994
2023-11-28 09:00:00,14.21,17.09128
2023-11-28 10:00:00,14.86,17.06311
2023-11-28 11:00:00,17.43,17.018501
2023-11-28 12:00:00,23.32,16.99257
2023-11-28 13:00:00,13.64,16.99772
2023-11-28 14:00:00,12.729999999999999,17.043186
2023-11-28 15:00:00,11.72,17.04312
2023-11-28 16:00:00,4.73,17.03707
2023-11-28 17:00:00,18.68,17.070255
2023-11-28 18:00:00,10.12,17.011923
2023-11-28 19:00:00,15.039999999999997,17.002956
2023-11-28 20:00:00,16.91,17.015963
2023-11-28 21:00:00,13.35,17.027237
2023-11-28 22:00:00,13.120000000000001,16.990185
2023-11-28 23:00:00,13.43,16.974537
2023-11-29 00:00:00,12.63,16.934452
2023-11-29 01:00:00,13.749999999999998,16.940176
2023-11-29 02:00:00,6.7700000000000005,16.943169
2023-11-29 03:00:00,19.49,16.899288
2023-11-29 04:00:00,17.240000000000002,16.865414
2023-11-29 05:00:00,13.600000000000001,16.835205
2023-11-29 06:00:00,14.819999999999999,16.862125
2023-11-29 07:00:00,21.53,16.90233
2023-11-29 08:00:00,19.59,16.894007
2023-11-29 09:00:00,12.83,16.885193
2023-11-29 10:00:00,18.53,16.917522
2023-11-29 11:00:00,12.400000000000002,16.926163
2023-11-29 12:00:00,21.31,16.918827
2023-11-29 13:00:00,13.459999999999999,16.856611
2023-11-29 14:00:00,15.23,16.8299
2023-11-29 15:00:00,19.400000000000002,16.822664
2023-11-29 16:00:00,15.39,16.83274
2023-11-29 17:00:00,11.02,16.881641
2023-11-29 18:00:00,6.0600000000000005,16.864721
2023-11-29 19:00:00,15.059999999999999,16.876623
2023-11-29 20:00:00,13.11,16.86849
2023-11-29 21:00:00,17.48,16.808508
2023-11-29 22:00:00,7.4,16.774712
2023-11-29 23:00:00,17.31,16.745987
2023-11-30 00:00:00,21.3,16.70544
2023-11-30 01:00:00,15.760000000000002,16.707449
2023-11-30 02:00:00,23.37,16.785385
2023-11-30 03:00:00,15.68,16.892414
2023-11-30 04:00:00,16.64,16.923744
2023-11-30 05:00:00,15.749999999999998,16.935764
2023-11-30 06:00:00,14.61,16.950632
2023-11-30 07:00:00,17.98,16.93298
2023-11-30 08:00:00,28.879999999999995,16.864925
2023-11-30 09:00:00,17.67,16.861961
2023-11-30 10:00:00,16.52,16.889603
2023-11-30 11:00:00,8.39,16.889511
2023-11-30 12:00:00,24.11,16.963882
2023-11-30 13:00:00,21.82,16.958725
2023-11-30 14:00:00,26.07,16.96202
2023-11-30 15:00:00,4.33,16.896235
2023-11-30 16:00:00,14.47,16.841137
2023-11-30 17:00:00,20.46,16.83253
2023-11-30 18:00:00,14.259999999999998,16.847876
2023-11-30 19:00:00,21.51,16.904922
2023-11-30 20:00:00,14.51,16.957598
2023-11-30 21:00:00,15.3,16.973118
2023-11-30 22:00:00,23.55,16.985039
2023-11-30 23:00:00,17.76,17.02438
2023-12-01 00:00:00,24.04,16.988474
2023-12-01 01:00:00,33.54,17.011784
2023-12-01 02:00:00,12.0,17.10289
2023-12-01 03:00:00,25.240000000000002,17.114973
2023-12-01 04:00:00,10.11,17.167173
2023-12-01 05:00:00,19.29,17.216888
2023-12-01 06:00:00,17.97,17.215343
2023-12-01 07:00:00,8.129999999999999,17.210018
2023-12-01 08:00:00,15.39,17.16794
2023-12-01 09:00:00,17.1,17.085535
2023-12-01 10:00:00,10.93,17.056492
2023-12-01 11:00:00,24.85,17.028774
2023-12-01 12:00:00,22.98,17.041187
2023-12-01 13:00:00,24.7,17.000511
2023-12-01 14:00:00,9.94,17.005241
2023-12-01 15:00:00,18.52,16.946793
2023-12-01 16:00:00,27.469999999999995,16.991875
2023-12-01 17:00:00,25.4,16.98628
2023-12-01 18:00:00,4.91,16.955948
2023-12-01 19:00:00,9.23,16.963097
2023-12-01 20:00:00,10.57,16.913279
2023-12-01 21:00:00,18.009999999999998,16.914534
2023-12-01 22:00:00,13.68,16.853287
2023-12-01 23:00:00,8.52,16.78099
2023-12-02 00:00:00,18.84,16.72713
2023-12-02 01:00:00,16.84,16.731886
2023-12-02 02:00:00,17.96,16.764292
2023-12-02 03:00:00,20.44,16.843107
2023-12-02 04:00:00,9.33,16.889963
2023-12-02 05:00:00,13.270000000000001,16.986034
2023-12-02 06:00:00,21.88,17.029957
2023-12-02 07:00:00,12.799999999999997,17.040934
2023-12-02 08:00:00,14.940000000000001,17.09713
2023-12-02 09:00:00,16.3,17.094473
2023-12-02 10:00:00,9.2,17.074173
2023-12-02 11:00:00,18.64,17.080412
2023-12-02 12:00:00,10.78,16.98946
2023-12-02 13:00:00,7.7,16.885809
2023-12-02 14:00:00,12.47,16.802618
2023-12-02 15:00:00,13.079999999999998,16.783342
2023-12-02 16:00:00,23.4,16.771894
2023-12-02 17:00:00,23.72,16.723808
2023-12-02 18:00:00,17.9,16.696697
2023-12-02 19:00:00,19.92,16.758947
2023-12-02 20:00:00,8.58,16.790113
2023-12-02 21:00:00,16.009999999999998,16.793283
2023-12-02 22:00:00,14.57,16.76031
2023-12-02 23:00:00,19.21,16.748463
2023-12-03 00:00:00,18.6,16.743107
2023-12-03 01:00:00,5.75,16.772354
2023-12-03 02:00:00,17.52,16.84826
2023-12-03 03:00:00,10.37,16.93425
2023-12-03 04:00:00,18.61,16.964231
2023-12-03 05:00:00,12.430000000000001,17.015753
2023-12-03 06:00:00,15.53,17.047398
2023-12-03 07:00:00,22.87,16.995419
2023-12-03 08:00:00,15.620000000000003,16.967539
2023-12-03 09:00:00,22.91,16.942108
2023-12-03 10:00:00,11.81,16.91309
2023-12-03 11:00:00,20.84,16.911757
2023-12-03 12:00:00,24.860000000000003,16.85986
2023-12-03 13:00:00,23.35,16.866537
2023-12-03 14:00:00,15.4,16.92739
2023-12-03 15:00:00,19.03,16.901423
2023-12-03 16:00:00,10.41,16.897102
2023-12-03 17:00:00,17.32,16.876005
2023-12-03 18:00:00,24.68,16.853466
2023-12-03 19:00:00,18.76,16.83296
2023-12-03 20:00:00,25.5,16.82343
2023-12-03 21:00:00,26.990000000000002,16.8317
2023-12-03 22:00:00,32.730000000000004,16.852697
2023-12-03 23:00:00,3.3099999999999996,16.861471
2023-12-04 00:00:00,17.86,16.869658
2023-12-04 01:00:00,13.749999999999998,16.980392
2023-12-04 02:00:00,14.56,17.15282
2023-12-04 03:00:00,20.5,17.216236
2023-12-04 04:00:00,12.7,17.284603
2023-12-04 05:00:00,14.440000000000001,17.292196
2023-12-04 06:00:00,17.89,17.27743
2023-12-04 07:00:00,9.85,17.244375
2023-12-04 08:00:00,17.45,17.164595
2023-12-04 09:00:00,13.9,17.15433
2023-12-04 10:00:00,11.43,17.086147
2023-12-04 11:00:00,12.17,17.064972
2023-12-04 12:00:00,16.759999999999998,17.025682
2023-12-04 13:00:00,12.7,16.970312
2023-12-04 14:00:00,15.85,16.880188
2023-12-04 15:00:00,14.6,16.83193
2023-12-04 16:00:00,19.240000000000002,16.750643
2023-12-04 17:00:00,14.21,16.786726
2023-12-04 18:00:00,17.49,16.74607
2023-12-04 19:00:00,14.400000000000002,16.690948
2023-12-04 20:00:00,3.2199999999999998,16.685284
2023-12-04 21:00:00,25.49,16.607693
2023-12-04 22:00:00,25.430000000000003,16.565977
2023-12-04 23:00:00,14.580000000000002,16.518913
2023-12-05 00:00:00,11.89,16.682152
2023-12-05 01:00:00,7.25,16.773876
2023-12-05 02:00:00,26.86,16.869644
2023-12-05 03:00:00,25.419999999999995,16.962894
2023-12-05 04:00:00,14.879999999999999,16.987122
2023-12-05 05:00:00,13.239999999999998,17.033268
2023-12-05 06:00:00,14.5,17.080368
2023-12-05 07:00:00,20.919999999999998,17.04851
2023-12-05 08:00:00,15.280000000000001,17.037298
2023-12-05 09:00:00,14.68,16.983059
2023-12-05 10:00:00,25.8,16.955355
2023-12-05 11:00:00,17.1,16.949621
2023-12-05 12:00:00,6.009999999999999,16.94008
2023-12-05 13:00:00,17.12,16.89522
2023-12-05 14:00:00,10.3,16.878723
2023-12-05 15:00:00,13.399999999999997,16.867168
2023-12-05 16:00:00,6.85,16.850971
2023-12-05 17:00:00,18.150000000000002,16.816185
2023-12-05 18:00:00,16.77,16.835735
2023-12-05 19:00:00,24.56,16.827719
2023-12-05 20:00:00,19.7,16.83823
2023-12-05 21:00:00,7.810000000000001,16.908258
2023-12-05 22:00:00,16.96,16.877401
2023-12-05 23:00:00,22.45,16.801476
2023-12-06 00:00:00,21.48,16.791283
2023-12-06 01:00:00,16.51,16.85102
2023-12-06 02:00:00,15.3,16.97939
2023-12-06 03:00:00,11.870000000000001,17.036165
2023-12-06 04:00:00,16.82,17.074495
2023-12-06 05:00:00,26.369999999999997,17.139883
2023-12-06 06:00:00,17.490000000000002,17.185513
2023-12-06 07:00:00,13.9,17.168999
2023-12-06 08:00:00,14.620000000000001,17.096947
2023-12-06 09:00:00,14.389999999999999,17.017496
2023-12-06 10:00:00,16.54,16.959757
2023-12-06 11:00:00,27.469999999999995,16.837626
2023-12-06 12:00:00,23.2,16.820095
2023-12-06 13:00:00,13.4,16.882805
2023-12-06 14:00:00,21.98,16.909523
2023-12-06 15:00:00,12.37,16.921099
2023-12-06 16:00:00,10.66,16.911602
2023-12-06 17:00:00,23.36,16.95051
2023-12-06 18:00:00,17.05,16.93362
2023-12-06 19:00:00,15.569999999999999,16.930885
2023-12-06 20:00:00,11.46,16.911514
2023-12-06 21:00:00,14.940000000000001,16.905817
2023-12-06 22:00:00,14.109999999999998,16.914206
2023-12-06 23:00:00,13.73,16.895302
2023-12-07 00:00:00,22.3,16.850756
2023-12-07 01:00:00,21.49,16.870123
2023-12-07 02:00:00,18.42,16.958784
2023-12-07 03:00:00,15.63,17.024515
2023-12-07 04:00:00,8.69,17.065245
2023-12-07 05:00:00,19.66,17.06126
2023-12-07 06:00:00,16.45,17.035408
2023-12-07 07:00:00,16.11,17.021856
2023-12-07 08:00:00,16.18,17.022894
2023-12-07 09:00:00,27.62,17.016996
2023-12-07 10:00:00,10.38,16.999336
2023-12-07 11:00:00,16.580000000000002,16.944311
2023-12-07 12:00:00,24.169999999999998,16.84627
2023-12-07 13:00:00,17.64,16.7926
2023-12-07 14:00:00,6.0,16.81952
2023-12-07 15:00:00,18.76,16.77865
2023-12-07 16:00:00,14.620000000000001,16.811497
2023-12-07 17:00:00,19.75,16.83799
2023-12-07 18:00:00,11.9,16.81098
2023-12-07 19:00:00,18.16,16.828644
2023-12-07 20:00:00,15.469999999999999,16.813875
2023-12-07 21:00:00,14.83,16.856197
2023-12-07 22:00:00,19.919999999999998,16.8365
2023-12-07 23:00:00,37.95,16.832392
2023-12-08 00:00:00,19.55,16.845604
2023-12-08 01:00:00,22.71,16.887321
2023-12-08 02:00:00,22.49,16.948149
2023-12-08 03:00:00,24.34,17.036264
2023-12-08 04:00:00,18.04,17.102959
2023-12-08 05:00:00,16.4,17.20774
2023-12-08 06:00:00,16.69,17.249233
2023-12-08 07:00:00,14.99,17.246975
2023-12-08 08:00:00,13.28,17.215979
2023-12-08 09:00:00,7.27,17.15971
2023-12-08 10:00:00,12.530000000000001,17.054281
2023-12-08 11:00:00,16.11,17.038008
2023-12-08 12:00:00,15.39,16.986015
2023-12-08 13:00:00,14.490000000000002,16.918
2023-12-08 14:00:00,11.42,16.862324
2023-12-08 15:00:00,16.88,16.915955
2023-12-08 16:00:00,11.21,16.9303
2023-12-08 17:00:00,13.9,16.924067
2023-12-08 18:00:00,18.509999999999998,16.878548
2023-12-08 19:00:00,19.06,16.890732
2023-12-08 20:00:00,20.979999999999997,16.86604
2023-12-08 21:00:00,20.95,16.847523
2023-12-08 22:00:00,4.25,16.827047
2023-12-08 23:00:00,12.430000000000001,16.792719
2023-12-09 00:00:00,14.18,16.659468
2023-12-09 01:00:00,16.5,16.648361
2023-12-09 02:00:00,12.08,16.714268
2023-12-09 03:00:00,17.82,16.783255
2023-12-09 04:00:00,10.54,16.830227
2023-12-09 05:00:00,18.22,16.876541
2023-12-09 06:00:00,21.34,16.910599
2023-12-09 07:00:00,10.84,16.940855
2023-12-09 08:00:00,14.32,16.954988
2023-12-09 09:00:00,11.36,16.93083
2023-12-09 10:00:00,18.72,16.943047
2023-12-09 11:00:00,8.48,16.915745
2023-12-09 12:00:00,21.52,16.87126
2023-12-09 13:00:00,18.67,16.832516
2023-12-09 14:00:00,16.38,16.817635
2023-12-09 15:00:00,15.29,16.818909
2023-12-09 16:00:00,19.759999999999998,16.834578
2023-12-09 17:00:00,20.36,16.836735
2023-12-09 18:00:00,18.73,16.844692
2023-12-09 19:00:00,15.95,16.826195
2023-12-09 20:00:00,14.670000000000002,16.788208
2023-12-09 21:00:00,12.48,16.763807
2023-12-09 22:00:00,11.72,16.711718
2023-12-09 23:00:00,20.99,16.731007
2023-12-10 00:00:00,12.74,16.736092
2023-12-10 01:00:00,16.56,16.837744
2023-12-10 02:00:00,23.98,16.911488
2023-12-10 03:00:00,15.82,16.982224
2023-12-10 04:00:00,25.2,17.021444
2023-12-10 05:00:00,27.64,17.083086
2023-12-10 06:00:00,24.26,17.073696
2023-12-10 07:00:00,22.53,17.04526
2023-12-10 08:00:00,11.66,17.098953
2023-12-10 09:00:00,24.83,17.13426
2023-12-10 10:00:00,24.5,17.149471
2023-12-10 11:00:00,12.71,17.100113
2023-12-10 12:00:00,16.2,17.088966
2023-12-10 13:00:00,15.329999999999998,17.048483
2023-12-10 14:00:00,10.92,17.033228
2023-12-10 15:00:00,15.239999999999998,17.011944
2023-12-10 16:00:00,24.03,16.983564
2023-12-10 17:00:00,20.04,16.950174
2023-12-10 18:00:00,11.14,16.91837
2023-12-10 19:00:00,15.97,16.902418
2023-12-10 20:00:00,7.24,16.855333
2023-12-10 21:00:00,17.46,16.80907
2023-12-10 22:00:00,17.13,16.80709
2023-12-10 23:00:00,7.1499999999999995,16.839024
2023-12-11 00:00:00,15.25,16.827686
2023-12-11 01:00:00,18.94,16.967573
2023-12-11 02:00:00,10.45,17.08599
2023-12-11 03:00:00,17.69,17.131105
2023-12-11 04:00:00,10.34,17.169067
2023-12-11 05:00:00,10.91,17.100777
2023-12-11 06:00:00,14.120000000000001,16.966948
2023-12-11 07:00:00,6.85,16.878836
2023-12-11 08:00:00,13.43,16.804832
2023-12-11 09:00:00,15.67,16.788893
2023-12-11 10:00:00,21.63,16.740032
2023-12-11 11:00:00,18.89,16.704384
2023-12-11 12:00:00,11.48,16.75143
2023-12-11 13:00:00,16.16,16.788034
2023-12-11 14:00:00,12.74,16.817167
2023-12-11 15:00:00,14.520000000000001,16.833864
2023-12-11 16:00:00,20.560000000000002,16.838465
2023-12-11 17:00:00,5.169999999999999,16.827925
2023-12-11 18:00:00,16.88,16.792273
2023-12-11 19:00:00,8.09,16.821295
2023-12-11 20:00:00,11.35,16.866093
2023-12-11 21:00:00,14.15,16.909382
2023-12-11 22:00:00,23.91,16.869907
2023-12-11 23:00:00,13.39,16.849592
2023-12-12 00:00:00,17.3,16.932508
2023-12-12 01:00:00,21.97,16.951618
2023-12-12 02:00:00,27.45,16.993183
2023-12-12 03:00:00,22.4,17.074282
2023-12-12 04:00:00,19.82,17.090555
2023-12-12 05:00:00,15.64,17.12943
2023-12-12 06:00:00,14.54,17.157942
2023-12-12 07:00:00,24.32,17.108404
2023-12-12 08:00:00,16.03,17.119362
2023-12-12 09:00:00,19.82,17.11177
2023-12-12 10:00:00,13.419999999999998,17.111006
2023-12-12 11:00:00,22.51,17.075792
2023-12-12 12:00:00,12.36,17.006033
2023-12-12 13:00:00,5.63,17.018867
2023-12-12 14:00:00,19.15,17.016506
2023-12-12 15:00:00,27.04,16.980219
2023-12-12 16:00:00,13.419999999999998,16.946585
2023-12-12 17:00:00,15.14,16.89049
2023-12-12 18:00:00,26.52,16.929234
2023-12-12 19:00:00,15.23,16.913244
2023-12-12 20:00:00,17.8,16.918583
2023-12-12 21:00:00,24.310000000000002,16.886585
2023-12-12 22:00:00,23.05,16.874851
2023-12-12 23:00:00,12.17,16.833323
2023-12-13 00:00:00,22.37,16.88025
2023-12-13 01:00:00,19.03,16.940733
2023-12-13 02:00:00,7.97,16.993061
2023-12-13 03:00:00,8.27,17.037138
2023-12-13 04:00:00,8.18,17.072803
2023-12-13 05:00:00,8.14,17.067574
2023-12-13 06:00:00,17.66,17.032137
2023-12-13 07:00:00,15.92,17.013931
2023-12-13 08:00:00,9.14,16.941425
2023-12-13 09:00:00,14.04,16.928074
2023-12-13 10:00:00,12.71,16.897022
2023-12-13 11:00:00,30.259999999999994,16.921392
2023-12-13 12:00:00,23.939999999999998,16.901514
2023-12-13 13:00:00,7.260000000000001,16.903748
2023-12-13 14:00:00,20.19,16.970524
2023-12-13 15:00:00,21.29,16.92078
2023-12-13 16:00:00,15.740000000000002,16.83801
2023-12-13 17:00:00,12.780000000000003,16.862713
2023-12-13 18:00:00,21.27,16.890001
2023-12-13 19:00:00,15.99,16.805252
2023-12-13 20:00:00,16.36,16.825537
2023-12-13 21:00:00,11.5,16.794289
2023-12-13 22:00:00,13.31,16.740553
2023-12-13 23:00:00,9.04,16.6918
2023-12-14 00:00:00,17.14,16.729668
2023-12-14 01:00:00,12.879999999999999,16.769714
2023-12-14 02:00:00,11.02,16.771904
2023-12-14 03:00:00,23.68,16.85847
2023-12-14 04:00:00,13.67,16.96501
2023-12-14 05:00:00,13.180000000000001,17.055344
2023-12-14 06:00:00,7.93,17.110172
2023-12-14 07:00:00,28.55,17.10759
2023-12-14 08:00:00,29.27,17.0797
2023-12-14 09:00:00,22.39,17.07986
2023-12-14 10:00:00,23.16,17.065363
2023-12-14 11:00:00,10.74,17.041794
2023-12-14 12:00:00,15.659999999999998,16.945244
2023-12-14 13:00:00,11.379999999999999,16.849136
2023-12-14 14:00:00,13.91,16.857645
2023-12-14 15:00:00,24.51,16.827581
2023-12-14 16:00:00,13.059999999999999,16.803644
2023-12-14 17:00:00,19.25,16.811756
2023-12-14 18:00:00,11.76,16.819502
2023-12-14 19:00:00,7.93,16.813644
2023-12-14 20:00:00,31.15,16.814856
2023-12-14 21:00:00,15.43,16.777824
2023-12-14 22:00:00,18.529999999999998,16.830896
2023-12-14 23:00:00,16.439999999999998,16.835447
2023-12-15 00:00:00,14.19,16.855911
2023-12-15 01:00:00,11.82,16.899876
2023-12-15 02:00:00,26.940000000000005,16.982447
2023-12-15 03:00:00,11.59,17.078781
2023-12-15 04:00:00,22.22,17.104572
2023-12-15 05:00:00,15.3,17.126358
2023-12-15 06:00:00,19.89,17.135624
2023-12-15 07:00:00,12.92,17.188503
2023-12-15 08:00:00,11.14,17.12053
2023-12-15 09:00:00,22.529999999999998,17.01136
2023-12-15 10:00:00,18.18,16.918596
2023-12-15 11:00:00,11.46,16.89313
2023-12-15 12:00:00,19.58,16.88731
2023-12-15 13:00:00,14.12,16.904022
2023-12-15 14:00:00,14.870000000000003,16.912846
2023-12-15 15:00:00,11.59,16.871624
2023-12-15 16:00:00,25.040000000000003,16.828827
2023-12-15 17:00:00,9.81,16.80555
2023-12-15 18:00:00,10.12,16.803505
2023-12-15 19:00:00,19.84,16.837994
2023-12-15 20:00:00,15.77,16.862429
2023-12-15 21:00:00,11.38,16.771294
2023-12-15 22:00:00,27.229999999999997,16.728539
2023-12-15 23:00:00,15.11,16.720827
2023-12-16 00:00:00,27.319999999999997,16.741379
2023-12-16 01:00:00,17.48,16.80883
2023-12-16 02:00:00,11.81,16.888714
2023-12-16 03:00:00,10.26,16.915197
2023-12-16 04:00:00,14.969999999999999,16.965939
2023-12-16 05:00:00,10.78,17.006706
2023-12-16 06:00:00,17.72,17.03334
2023-12-16 07:00:00,4.099999999999999,17.021433
2023-12-16 08:00:00,16.19,16.95662
2023-12-16 09:00:00,32.25,16.901167
2023-12-16 10:00:00,12.86,16.846247
2023-12-16 11:00:00,18.060000000000002,16.849909
2023-12-16 12:00:00,18.57,16.839363
2023-12-16 13:00:00,11.64,16.82268
2023-12-16 14:00:00,14.06,16.85921
2023-12-16 15:00:00,16.25,16.86952
2023-12-16 16:00:00,17.32,16.887894
2023-12-16 17:00:00,11.77,16.861814
2023-12-16 18:00:00,21.86,16.906998
2023-12-16 19:00:00,10.969999999999999,16.951843
2023-12-16 20:00:00,22.01,16.911161
2023-12-16 21:00:00,22.52,16.821602
2023-12-16 22:00:00,12.98,16.832481
2023-12-16 23:00:00,4.95,16.764553
2023-12-17 00:00:00,21.89,16.740702
2023-12-17 01:00:00,8.92,16.684992
2023-12-17 02:00:00,30.68,16.716946
2023-12-17 03:00:00,14.65,16.824062
2023-12-17 04:00:00,12.1,16.913652
2023-12-17 05:00:00,14.36,16.972027
2023-12-17 06:00:00,18.46,17.035446
2023-12-17 07:00:00,19.169999999999998,17.025036
2023-12-17 08:00:00,12.760000000000002,17.057917
2023-12-17 09:00:00,20.02,17.05849
2023-12-17 10:00:00,14.109999999999998,16.969992
2023-12-17 11:00:00,13.290000000000003,16.970934
2023-12-17 12:00:00,17.49,16.926039
2023-12-17 13:00:00,11.35,16.88184
2023-12-17 14:00:00,19.22,16.86053
2023-12-17 15:00:00,13.509999999999998,16.855919
2023-12-17 16:00:00,17.25,16.821144
2023-12-17 17:00:00,30.17,16.804306
2023-12-17 18:00:00,20.73,16.828625
2023-12-17 19:00:00,9.95,16.804405
2023-12-17 20:00:00,8.69,16.859655
2023-12-17 21:00:00,14.39,16.803362
2023-12-17 22:00:00,33.82,16.727823
2023-12-17 23:00:00,17.94,16.696632
2023-12-18 00:00:00,17.89,16.786875
2023-12-18 01:00:00,26.940000000000005,16.890902
2023-12-18 02:00:00,15.91,17.069082
2023-12-18 03:00:00,25.0,17.107655
2023-12-18 04:00:00,24.860000000000003,17.164124
2023-12-18 05:00:00,14.809999999999999,17.228033
2023-12-18 06:00:00,21.25,17.284948
2023-12-18 07:00:00,19.07,17.25904
2023-12-18 08:00:00,12.819999999999999,17.231169
2023-12-18 09:00:00,16.17,17.202967
2023-12-18 10:00:00,31.030000000000005,17.172018
2023-12-18 11:00:00,7.07,17.132715
2023-12-18 12:00:00,13.99,17.128452
2023-12-18 13:00:00,25.57,17.093557
2023-12-18 14:00:00,15.3,17.09901
2023-12-18 15:00:00,13.599999999999998,17.097502
2023-12-18 16:00:00,13.219999999999997,17.125978
2023-12-18 17:00:00,8.17,17.0862
2023-12-18 18:00:00,18.4,16.98322
2023-12-18 19:00:00,22.6,16.940111
2023-12-18 20:00:00,12.22,16.973703
2023-12-18 21:00:00,12.379999999999997,16.983454
2023-12-18 22:00:00,22.869999999999997,16.966934
2023-12-18 23:00:00,20.72,16.852339
2023-12-19 00:00:00,36.33,16.837088
2023-12-19 01:00:00,21.45,16.871428
2023-12-19 02:00:00,8.71,16.88098
2023-12-19 03:00:00,17.64,16.956106
2023-12-19 04:00:00,20.24,17.011297
2023-12-19 05:00:00,10.01,17.005838
2023-12-19 06:00:00,20.23,17.036198
2023-12-19 07:00:00,12.18,17.013882
2023-12-19 08:00:00,8.85,17.008133
2023-12-19 09:00:00,5.499999999999999,17.042137
2023-12-19 10:00:00,20.79,17.039526
2023-12-19 11:00:00,35.17,16.911514
2023-12-19 12:00:00,5.97,16.926575
2023-12-19 13:00:00,8.01,16.938393
2023-12-19 14:00:00,19.8,16.876102
2023-12-19 15:00:00,8.04,16.852102
2023-12-19 16:00:00,19.79,16.866545
2023-12-19 17:00:00,16.46,16.862389
2023-12-19 18:00:00,24.28,16.893976
2023-12-19 19:00:00,23.09,16.894081
2023-12-19 20:00:00,11.09,16.874304
2023-12-19 21:00:00,11.18,16.912094
2023-12-19 22:00:00,17.27,16.950907
2023-12-19 23:00:00,14.109999999999998,16.879429
2023-12-20 00:00:00,15.79,16.815283
2023-12-20 01:00:00,12.32,16.708838
2023-12-20 02:00:00,18.42,16.779707
2023-12-20 03:00:00,25.5,16.85565
2023-12-20 04:00:00,12.6,16.894953
2023-12-20 05:00:00,23.89,16.872917
2023-12-20 06:00:00,27.72,16.890675
2023-12-20 07:00:00,12.56,16.91568
2023-12-20 08:00:00,14.56,16.987984
2023-12-20 09:00:00,12.3,17.035103
2023-12-20 10:00:00,10.25,17.066965
2023-12-20 11:00:00,28.84,16.99944
2023-12-20 12:00:00,19.09,16.887735
2023-12-20 13:00:00,12.040000000000001,16.927618
2023-12-20 14:00:00,7.25,16.939459
2023-12-20 15:00:00,6.319999999999999,16.93552
2023-12-20 16:00:00,13.99,16.987574
2023-12-20 17:00:00,22.87,16.953325
2023-12-20 18:00:00,12.21,16.92706
2023-12-20 19:00:00,14.259999999999998,16.866539
2023-12-20 20:00:00,10.76,16.78856
2023-12-20 21:00:00,26.56,16.783867
2023-12-20 22:00:00,23.29,16.7801
2023-12-20 23:00:00,12.19,16.790632
2023-12-21 00:00:00,21.89,16.819748
2023-12-21 01:00:00,15.25,16.906815
2023-12-21 02:00:00,19.47,17.016457
2023-12-21 03:00:00,23.85,17.083344
2023-12-21 04:00:00,8.57,17.112246
2023-12-21 05:00:00,14.59,17.111666
2023-12-21 06:00:00,17.22,17.075232
2023-12-21 07:00:00,19.93,16.999489
2023-12-21 08:00:00,7.63,16.983557
2023-12-21 09:00:00,27.22,16.980417
2023-12-21 10:00:00,27.52,16.965878
2023-12-21 11:00:00,20.16,16.966665
2023-12-21 12:00:00,22.44,16.891644
2023-12-21 13:00:00,11.63,16.847286
2023-12-21 14:00:00,7.49,16.862917
2023-12-21 15:00:00,15.35,16.90203
2023-12-21 16:00:00,9.74,16.96001
2023-12-21 17:00:00,19.05,16.928688
2023-12-21 18:00:00,9.85,16.876122
2023-12-21 19:00:00,19.21,16.874067
2023-12-21 20:00:00,16.46,16.833313
2023-12-21 21:00:00,25.169999999999998,16.825787
2023-12-21 22:00:00,29.44,16.76351
2023-12-21 23:00:00,15.129999999999997,16.726349
2023-12-22 00:00:00,28.27,16.778925
2023-12-22 01:00:00,21.04,16.857168
2023-12-22 02:00:00,11.22,16.960058
2023-12-22 03:00:00,10.99,17.024601
2023-12-22 04:00:00,10.21,17.022255
2023-12-22 05:00:00,8.85,17.090681
2023-12-22 06:00:00,15.73,17.095295
2023-12-22 07:00:00,23.84,17.04453
2023-12-22 08:00:00,12.5,17.007868
2023-12-22 09:00:00,13.53,17.020063
2023-12-22 10:00:00,16.55,16.935137
2023-12-22 11:00:00,22.52,16.848066
2023-12-22 12:00:00,19.43,16.828365
2023-12-22 13:00:00,16.89,16.797037
2023-12-22 14:00:00,18.99,16.82592
2023-12-22 15:00:00,11.56,16.89161
2023-12-22 16:00:00,24.71,16.90473
2023-12-22 17:00:00,21.2,16.92044
2023-12-22 18:00:00,4.6899999999999995,16.91357
2023-12-22 19:00:00,24.59,16.945883
2023-12-22 20:00:00,17.01,16.91677
2023-12-22 21:00:00,12.16,16.870564
2023-12-22 22:00:00,14.08,16.78578
2023-12-22 23:00:00,10.8,16.682867
2023-12-23 00:00:00,17.04,16.660637
2023-12-23 01:00:00,26.310000000000006,16.700935
2023-12-23 02:00:00,11.92,16.796751
2023-12-23 03:00:00,8.88,16.9398
2023-12-23 04:00:00,11.66,17.07152
2023-12-23 05:00:00,14.520000000000001,17.149153
2023-12-23 06:00:00,21.0,17.16493
2023-12-23 07:00:00,19.32,17.152824
2023-12-23 08:00:00,16.64,17.061207
2023-12-23 09:00:00,13.39,17.020603
2023-12-23 10:00:00,23.4,16.97209
2023-12-23 11:00:00,10.25,16.983986
2023-12-23 12:00:00,11.98,16.94769
2023-12-23 13:00:00,20.1,16.902504
2023-12-23 14:00:00,30.11,16.88671
2023-12-23 15:00:00,17.62,16.897806
2023-12-23 16:00:00,13.2,16.911594
2023-12-23 17:00:00,12.54,16.869495
2023-12-23 18:00:00,10.18,16.820976
2023-12-23 19:00:00,9.39,16.797989
2023-12-23 20:00:00,11.2,16.724957
2023-12-23 21:00:00,13.599999999999998,16.698288
2023-12-23 22:00:00,10.68,16.678516
2023-12-23 23:00:00,18.4,16.66699
2023-12-24 00:00:00,8.82,16.676224
2023-12-24 01:00:00,17.43,16.75199
2023-12-24 02:00:00,29.93,16.803665
2023-12-24 03:00:00,20.1,16.888903
2023-12-24 04:00:00,27.44,16.968699
2023-12-24 05:00:00,14.870000000000003,17.038975
2023-12-24 06:00:00,22.54,17.063309
2023-12-24 07:00:00,5.8999999999999995,17.059622
2023-12-24 08:00:00,24.46,17.077766
2023-12-24 09:00:00,9.94,17.097084
2023-12-24 10:00:00,20.6,17.095905
2023-12-24 11:00:00,21.23,17.044346
2023-12-24 12:00:00,22.08,17.05108
2023-12-24 13:00:00,21.82,17.084492
2023-12-24 14:00:00,19.08,17.030546
2023-12-24 15:00:00,27.15,16.939396
2023-12-24 16:00:00,10.21,16.90986
2023-12-24 17:00:00,21.7,16.883806
2023-12-24 18:00:00,9.969999999999999,16.869337
2023-12-24 19:00:00,15.39,16.888365
2023-12-24 20:00:00,22.64,16.912985
2023-12-24 21:00:00,11.22,16.921015
2023-12-24 22:00:00,17.04,16.922356
2023-12-24 23:00:00,24.34,16.909685
2023-12-25 00:00:00,20.89,16.884346
2023-12-25 01:00:00,12.999999999999998,17.041039
2023-12-25 02:00:00,15.88,17.135916
2023-12-25 03:00:00,20.07,17.1504
2023-12-25 04:00:00,13.11,17.1829
2023-12-25 05:00:00,9.02,17.119677
2023-12-25 06:00:00,13.379999999999999,17.09968
2023-12-25 07:00:00,25.41,17.018291
2023-12-25 08:00:00,25.330000000000002,17.030357
2023-12-25 09:00:00,11.09,17.008242
2023-12-25 10:00:00,10.5,17.042934
2023-12-25 11:00:00,10.08,17.03473
2023-12-25 12:00:00,28.950000000000003,16.987303
2023-12-25 13:00:00,15.99,16.91642
2023-12-25 14:00:00,15.479999999999999,16.88615
2023-12-25 15:00:00,3.4500000000000006,16.832876
2023-12-25 16:00:00,11.34,16.710526
2023-12-25 17:00:00,11.01,16.733889
2023-12-25 18:00:00,13.980000000000002,16.709034
2023-12-25 19:00:00,15.81,16.730476
2023-12-25 20:00:00,13.200000000000003,16.728977
2023-12-25 21:00:00,20.7,16.689194
2023-12-25 22:00:00,15.149999999999999,16.71883
2023-12-25 23:00:00,14.14,16.73903
2023-12-26 00:00:00,15.190000000000001,16.73126
2023-12-26 01:00:00,8.84,16.766596
2023-12-26 02:00:00,24.08,16.859491
2023-12-26 03:00:00,17.419999999999998,16.91671
2023-12-26 04:00:00,25.9,16.90028
2023-12-26 05:00:00,15.4,16.940325
2023-12-26 06:00:00,14.199999999999998,16.981163
2023-12-26 07:00:00,14.48,17.021133
2023-12-26 08:00:00,17.0,16.96088
2023-12-26 09:00:00,11.48,16.881771
2023-12-26 10:00:00,14.56,16.87829
2023-12-26 11:00:00,32.01,16.813154
2023-12-26 12:00:00,15.55,16.831415
2023-12-26 13:00:00,23.66,16.778347
2023-12-26 14:00:00,19.87,16.805603
2023-12-26 15:00:00,11.51,16.82994
2023-12-26 16:00:00,12.34,16.858078
2023-12-26 17:00:00,8.87,16.890926
2023-12-26 18:00:00,33.97,16.90797
2023-12-26 19:00:00,27.61,16.905485
2023-12-26 20:00:00,30.580000000000005,16.93732
2023-12-26 21:00:00,23.09,16.987026
2023-12-26 22:00:00,8.27,17.000969
2023-12-26 23:00:00,16.75,17.034058
2023-12-27 00:00:00,10.8,17.029118
2023-12-27 01:00:00,17.41,17.042105
2023-12-27 02:00:00,7.88,17.147242
2023-12-27 03:00:00,10.92,17.142044
2023-12-27 04:00:00,26.53,17.11173
2023-12-27 05:00:00,19.67,17.032536
2023-12-27 06:00:00,13.43,17.025753
2023-12-27 07:00:00,17.75,17.064566
2023-12-27 08:00:00,18.51,17.117315
2023-12-27 09:00:00,12.26,17.154133
2023-12-27 10:00:00,11.72,17.178625
2023-12-27 11:00:00,18.61,17.152575
2023-12-27 12:00:00,12.379999999999997,17.031864
2023-12-27 13:00:00,20.72,16.993694
2023-12-27 14:00:00,12.45,16.878817
2023-12-27 15:00:00,14.879999999999999,16.813269
2023-12-27 16:00:00,9.7,16.838308
2023-12-27 17:00:00,16.36,16.833485
2023-12-27 18:00:00,13.659999999999998,16.871029
2023-12-27 19:00:00,6.09,16.787872
2023-12-27 20:00:00,22.72,16.76759
2023-12-27 21:00:00,18.13,16.662014
2023-12-27 22:00:00,14.57,16.616995
2023-12-27 23:00:00,8.51,16.657038
2023-12-28 00:00:00,23.05,16.660116
2023-12-28 01:00:00,15.26,16.733017
2023-12-28 02:00:00,15.709999999999999,16.820808
2023-12-28 03:00:00,7.14,16.952925
2023-12-28 04:00:00,7.43,17.055391
2023-12-28 05:00:00,17.54,17.060375
2023-12-28 06:00:00,18.29,17.009748
2023-12-28 07:00:00,15.9,16.985203
2023-12-28 08:00:00,11.22,16.949144
2023-12-28 09:00:00,10.83,16.885029
2023-12-28 10:00:00,19.0,16.8511
2023-12-28 11:00:00,16.78,16.816504
2023-12-28 12:00:00,21.54,16.77496
2023-12-28 13:00:00,16.97,16.769428
2023-12-28 14:00:00,9.99,16.755733
2023-12-28 15:00:00,11.24,16.76111
2023-12-28 16:00:00,18.42,16.746758
2023-12-28 17:00:00,16.919999999999998,16.795805
2023-12-28 18:00:00,23.45,16.761616
2023-12-28 19:00:00,9.76,16.761803
2023-12-28 20:00:00,16.18,16.79869
2023-12-28 21:00:00,19.65,16.771894
2023-12-28 22:00:00,18.11,16.73408
2023-12-28 23:00:00,18.46,16.751455
2023-12-29 00:00:00,22.8,16.782705
2023-12-29 01:00:00,16.5,16.790554
2023-12-29 02:00:00,10.11,16.827036
2023-12-29 03:00:00,19.990000000000002,16.92737
2023-12-29 04:00:00,10.0,17.0638
2023-12-29 05:00:00,10.19,17.164692
2023-12-29 06:00:00,31.26,17.149132
2023-12-29 07:00:00,22.66,17.13235
2023-12-29 08:00:00,26.900000000000002,17.104671
2023-12-29 09:00:00,25.93,17.089415
2023-12-29 10:00:00,13.31,17.076416
2023-12-29 11:00:00,11.370000000000001,17.071972
2023-12-29 12:00:00,14.48,17.046001
2023-12-29 13:00:00,22.76,16.990007
2023-12-29 14:00:00,27.16,16.947392
2023-12-29 15:00:00,8.42,16.965157
2023-12-29 16:00:00,16.07,16.951258
2023-12-29 17:00:00,28.699999999999996,16.92357
2023-12-29 18:00:00,11.059999999999999,16.931492
2023-12-29 19:00:00,21.13,16.88845
2023-12-29 20:00:00,18.03,16.870077
2023-12-29 21:00:00,13.32,16.858719
2023-12-29 22:00:00,12.549999999999999,16.822664
2023-12-29 23:00:00,10.49,16.818148
2023-12-30 00:00:00,12.84,16.808573
2023-12-30 01:00:00,13.569999999999999,16.842182
2023-12-30 02:00:00,15.26,16.970554
2023-12-30 03:00:00,12.819999999999999,17.084787
2023-12-30 04:00:00,14.7,17.147179
2023-12-30 05:00:00,12.8,17.18483
2023-12-30 06:00:00,9.14,17.228184
2023-12-30 07:00:00,17.16,17.109064
2023-12-30 08:00:00,10.93,17.053638
2023-12-30 09:00:00,12.25,16.985592
2023-12-30 10:00:00,13.32,16.914589
2023-12-30 11:00:00,15.01,16.858843
2023-12-30 12:00:00,18.91,16.847857
2023-12-30 13:00:00,19.16,16.838793
2023-12-30 14:00:00,26.35,16.787622
2023-12-30 15:00:00,8.71,16.691185
2023-12-30 16:00:00,7.49,16.707047
2023-12-30 17:00:00,10.95,16.689238
2023-12-30 18:00:00,40.34,16.611782
2023-12-30 19:00:00,6.97,16.628067
2023-12-30 20:00:00,15.690000000000001,16.625954
2023-12-30 21:00:00,10.93,16.611473
2023-12-30 22:00:00,27.390000000000004,16.587133
2023-12-30 23:00:00,21.0,16.633022
2023-12-31 00:00:00,16.64,16.685106
2023-12-31 01:00:00,19.9,16.786976
2023-12-31 02:00:00,10.11,16.89138
2023-12-31 03:00:00,7.739999999999999,16.94406
2023-12-31 04:00:00,16.009999999999998,17.053995
2023-12-31 05:00:00,17.31,17.077936
2023-12-31 06:00:00,11.290000000000001,17.09704
2023-12-31 07:00:00,30.929999999999996,17.125101
2023-12-31 08:00:00,10.84,17.081644
2023-12-31 09:00:00,18.68,17.065588
2023-12-31 10:00:00,8.15,17.007368
2023-12-31 11:00:00,17.18,16.990725
2023-12-31 12:00:00,15.35,16.94534
2023-12-31 13:00:00,29.059999999999995,16.860315
2023-12-31 14:00:00,12.41,16.823664
2023-12-31 15:00:00,21.94,16.757065
2023-12-31 16:00:00,17.27,16.771223
2023-12-31 17:00:00,18.43,16.820913
2023-12-31 18:00:00,16.57,16.821453
2023-12-31 19:00:00,12.14,16.714802
2023-12-31 20:00:00,15.91,16.732037
2023-12-31 21:00:00,15.81,16.774248
2023-12-31 22:00:00,17.12,16.836111
2023-12-31 23:00:00,13.55,16.79597
2024-01-01 00:00:00,12.850000000000001,16.729979
2024-01-01 01:00:00,11.73,16.810017
2024-01-01 02:00:00,21.71,16.879768
2024-01-01 03:00:00,20.49,16.994751
2024-01-01 04:00:00,21.8,17.126348
2024-01-01 05:00:00,14.439999999999998,17.187635
2024-01-01 06:00:00,23.77,17.188015
2024-01-01 07:00:00,16.69,17.21122
2024-01-01 08:00:00,22.05,17.097126
2024-01-01 09:00:00,5.4799999999999995,17.076303
2024-01-01 10:00:00,17.66,17.047743
2024-01-01 11:00:00,7.95,17.05037
2024-01-01 12:00:00,23.76,16.987772
2024-01-01 13:00:00,11.01,16.941221
2024-01-01 14:00:00,15.599999999999998,16.86379
2024-01-01 15:00:00,12.01,16.866875
2024-01-01 16:00:00,28.47,16.837894
2024-01-01 17:00:00,12.39,16.856653
2024-01-01 18:00:00,12.22,16.886734
2024-01-01 19:00:00,14.149999999999999,16.907885
2024-01-01 20:00:00,14.14,16.916773
2024-01-01 21:00:00,25.32,16.899803
2024-01-01 22:00:00,18.97,16.88361
2024-01-01 23:00:00,14.559999999999997,16.89021
